2015-04-30 08:01:35;;;喜欢吗;;;喜欢吗?
|||
2015-05-01 13:57:56;;;速度与激情的上演;;;[i=s] 本帖最后由 rourou 于 2015-5-1 21:59 编辑 [/i]

[media=swf,500,375]http://player.youku.com/player.php/sid/XOTMyMjUwMjgw/v.swf[/media]|||
2015-05-05 14:33:40;;;Nvidia TITAN显卡性能用不出来？;;;[i=s] 本帖最后由 rourou 于 2015-5-6 16:05 编辑 [/i]

[font=微软雅黑][size=4][color=Blue]那是因为FSX，这个只和CPU频率相关的程序，而且是32位的，大于4G的消耗内存，对于它是没有任何意义的。只有X-plane 10可以很好的同时发挥出你的CPU和显卡性能
[attach]2[/attach]
[/color][/size][/font]
|||
2015-05-07 02:02:59;;;飞行模拟器如何上手？;;;[i=s] 本帖最后由 rourou 于 2015-5-7 10:04 编辑 [/i]

[img=200,105]http://www.stoenworks.com/images/How%20to%20fly%20flight%20sims%2C%20images/172%20photo.jpg[/img]
本教程的目的


|||
2015-05-07 03:01:59;;;从零开始玩飞行模拟器;;;[i=s] 本帖最后由 rourou 于 2015-5-13 15:16 编辑 [/i]

[attach]3[/attach]
[size=5]本教程的目的[/size]
飞行模拟器软件，算是电脑游戏的一类，可是它上手就没那么容易了。说实话，这类软件不算是游戏，更可能被归类为非常严肃的个人爱好。很多飞行模拟器飞行员认真的读各种手册，非常严肃的对待自己的每一次飞行，并尽可能按流程把每个动作都做对。你会发现在后面的讨论中，我会假设你就坐在飞机里，这有利于你有如真实飞行员一样的敏感。
希望本教程能给你足够的知识点，从飞天，到落地，一气呵成的感觉。当然你也可以不管三七二十一加了油门就冲上云霄。但这会很难操作，并且会最终让你失望，如果你在上天前完全不懂的飞行的基本飞行原理。FSX, Prepar3D, X-plane, Flightgear等，这些模拟器有的会模拟的非常精准，所以如果你可以理解一些空气动力学，明白一个飞行原理，会让你的飞行旅程更加愉快。本教程的有些知识可能超出初学者范畴，但是他们会引导你进入更高层次的飞行境界。

[size=5]用于本教程中使用的飞行模拟器[/size]
市面上有许多模拟器，但是我不得不选择一个。下面图片是截取自X-Plane，然而在本教程适用于所有的飞行模拟器，甚至实际的飞机。

[size=5]本教程中使用的飞机[/size]
飞行培训的目的，我们将使用单发动机通用航空飞机Cessna 172 Skyhawk。

[size=5]如何讨论[/size]
知识点深度根据读者的不同而不同。有一些人只是想知道如何飞起来，这并没有什么错。还有一些想知道更详细的信息，以及为什么飞机有着各种理论。为了满足双方要求，我只讲述一些最需要的基本知识。有些段落会有些更深入的知识点，你不是必须去读这些的章节，但它会提升你的知识水平。
[size=5]
“真实世界”与“模拟世界”[/size]
但我们讨论飞行模拟器的时候，我对“真实世界”这个词汇过于敏感。在我看来，这有些自命不凡，所以请不要只是幻想所谓的“真实世界”。但是许多模拟飞行飞行员，他们很认真的对待自己每一次飞行，其中有些是有执照的飞行员，他们使用模拟器来提高自己的技能。
不得不说，这个词是公认的，所以用它我会，但我会退缩一点每次。如果你能拿出一个更好的词，请让我知道。
（荷兰的Bas Cost Budde说过：我对“物理世界”的理解是操作错误会导致死亡，而“计算机世界”不会）


[size=5]让我们点火启动飞机[/size]
当画面出现在您的显示器，而你坐在驾驶舱。这是X-Plane Cessna 172前面板。它可能出现与你的模拟器软件有些不同。没有问题的，请不要担心。这东西是标准的，面板上的仪表几乎相同，无论你用的是什么模拟器软件。然而，如果你把你的头塞进一架现代的塞斯纳172，这画面也是大同小异。

不要让这些仪表吓倒你。有的你可能从未见过。飞行员经常津津乐道于“冷舱”。事实上，这些东西很一目了然。
仪表板。这是什么东西？
[img]http://www.stoenworks.com/images/How%20to%20fly%20flight%20sims%2C%20images/New%20172%20panel%20images/Cessna%20172%20panel.gif[/img]
[size=5]失速警告指示器[/size]
[img=769,389]http://www.stoenworks.com/images/How%20to%20fly%20flight%20sims%2C%20images/New%20172%20panel%20images/Stall%20indicator.gif[/img]
指示灯会点亮：这表明（连同“蜂鸣器/喇叭”）飞机处于或接近失速状态。这意味着机翼太慢，不足以产生升力使飞机保持在空中。
[size=5]飞机的尾号[/size]
[img=82,67]http://www.stoenworks.com/images/How%20to%20fly%20flight%20sims%2C%20images/New%20172%20panel%20images/N%20number.gif[/img]
在使用无线电通话时，使用字眼“Cessna 8742 Golf”或者简称为“42 Golf”。
每架飞机都有它自己的尾号。在美国，标识飞机使用尾号，而世界上其他国家也有自己的标准，有的采用严格的没有任何数字的字母序列。哦，你为什么要说“Golf”？航空界使有音标字母，军方也使用类似的东西。Alpha, Bravo, Charlie, Delta, Echo, Foxtrot, Golf等。
[size=5]
空速表[/size]
[img=147,167]http://www.stoenworks.com/images/How%20to%20fly%20flight%20sims%2C%20images/New%20172%20panel%20images/Airspeed%20%20indicator.gif[/img]
这个仪表单位是”节“。这里颜色带标注一些重要的信息。
白色的弧线代表的襟翼可操作的速度范围。襟翼放下的最大速度在白色弧线的底端是85节。弧线顶端代表的飞机的失速速度与全襟翼，在这种情况下，30节左右。
|||
2015-05-09 01:08:03;;;x-plane10安装直播;;;[i=s] 本帖最后由 rourou 于 2015-5-14 20:05 编辑 [/i]

先晒一下我的软件和硬件配置
[attach]10[/attach]
将DVD1插入虚拟光驱
[attach]4[/attach]
默认选择语言为英文，点accept
[attach]5[/attach]
选择continue
[attach]6[/attach]
选择安装路径，点Change Destination按钮，我这里选择c:\\Program Files\\
[attach]7[/attach]
不可商业声明，选择I agree，点击CONTINUE
[attach]8[/attach]
选择安装的地图，我就用默认的，占用空间19.9GB，先看看结果
安装程序会提示你插入第几张DVD
[attach]9[/attach]
如果要想能够正常启动，请先回复本帖

[hide]
以后每次启动 X-Plane10, 都要插于第一张DVD
[/hide]|||
2015-05-09 06:09:11;;;X-plane 10刚安装完需要配置;;;[i=s] 本帖最后由 rourou 于 2015-5-9 17:19 编辑 [/i]

x-plane刚安装完毕的天气是多云的天气，所以你会看不见阳光，这点让很多刚接触x-plane的飞友们直接失去了兴趣。留下了一个形象:x-plane的天空灰暗的感觉。下图没没有安装任何插件，你觉得x-plane 10美么？
[attach]11[/attach]
无需安装任何3D 灯光插件，x-plane的着落灯已经非常美丽
[attach]12[/attach]
默认747也一样美丽
[attach]13[/attach]

|||
2015-05-10 12:30:15;;;欣赏一下x-plane 10默认飞机的美;;;x-plane 10可以说对飞机模拟的非常细致
[attach]14[/attach]


|||
2015-05-10 12:50:15;;;X-Plane10 KingAir C09B;;;这个X-Plane 10飞机值得仔细看
[attach]16[/attach]


|||
2015-05-10 13:24:35;;;X-Plane 10 KingAir驾驶舱欣赏;;;X-Plane 10优化的图形算法，将驾驶舱渲染的如此逼真，每个按钮knobs在太阳的直射下，都投下了阴影。
[attach]20[/attach]
我认为X-Plane 10更关注与飞行本身，在驾驶舱视角中，每个仪表的字体都清晰可见
[attach]17[/attach]
[attach]19[/attach]
[attach]18[/attach]
|||
2015-05-16 09:18:28;;;直接发视频可以么;;;[i=s] 本帖最后由 rourou 于 2015-5-16 17:20 编辑 [/i]

[media=x,500,375]http://v.youku.com/v_show/id_XOTMyMjUwMjgw.html?from=y1.7-1.2[/media]
|||
2015-05-16 09:55:20;;;飞机KingAirC90B在机场地面遇到40节大风;;;[i=s] 本帖最后由 rourou 于 2015-5-24 10:16 编辑 [/i]

[size=5][color=Blue]飞机KingAirC90B在机场地面遇到40节大风你认为会是什么样子[/color][/size][size=5][color=Blue]?这种细节的模拟也只有X-Plane 10可以做到，FSX， P3D只能望而却步

[/color][/size]
[media=x,500,375]http://v.youku.com/v_show/id_XOTU3MTIxMjM2.html[/media]

|||
2015-05-18 10:17:16;;;X-Plane 10正版购买指南;;;[size=4]2015年三月Laminar Research发布版本X-Plane 10.35，它的版权购买分为一下几种：
[/size][list]
[*][size=4]X-Plane 10家用版，59.99美金（约人民币360元）+运费。
包含9张DVD
  里有Windows, Mac, Linux安装程序
  里有全球地景
后续支持免费在线升级，到10.40，10.50。。。10.99版本
[attach]37[/attach][/size]
[*][size=4]X-Plane 10家用版[color=Black]不含DVD[/color]，59.99美金（约人民币360元）
这种方式可以省掉运费，但是DVD没有，只能从特约网站下载数据
[/size]
[*][size=4][color=Red]X-Plane 10家用版USB盾，29.99美金（约人民币180元）+运费
这里不含DVD[/color][/size][size=4][color=Red]，推荐这种方式[/color][/size][size=4]
[/size]
[*][size=4]X-Plane 10专业版，750美金（约人民币4500元）+运费。我们不考虑这种版本[/size]
[/list][size=4][color=Blue]
[/color][/size][table=98%]
[tr][td][size=4][color=Blue]X-Plane 10家用版不含DVD[/color][/size][/td][td][size=4][color=Blue] X-Plane 10家用版[/color][/size][/td][td][size=4][color=Blue]X-Plane 10家用版USB盾[/color][/size][size=4][color=Blue] 
[/color][/size][/td][td][size=4][color=Blue]X-Plane 10专业版 
[/color][/size][/td][/tr]
[tr][td][size=4][color=Blue]59.99美金[/color][/size][/td][td][size=4][color=Blue] 59.99美金+运费[/color][/size][/td][td][size=4][color=Blue] 29.99美金+运费[/color][/size][/td][td][size=4][color=Blue] 750美金+运费[/color][/size][/td][/tr]
[/table]
|||
2015-05-18 09:30:03;;;X-Plane 10 跨平台Windows, Mac, Linux, Android, IOS;;;[i=s] 本帖最后由 rourou 于 2015-5-18 17:50 编辑 [/i]

X-Plane 10之所以可以做到跨平台Windows, Mac, Linux, Android, IOS，因为它的图形系统基于OpenGL。
[attach]36[/attach]

|||
2015-05-17 13:00:03;;;X-Plane 10飞行摇杆必看设置：敏感度和真实性;;;很多人说 X-Plane 10飞机起飞后，整个飞机会默认向左横滚。其实是这里的设置没有没有做。
左上角的 roll,pitch,yaw你把它设置在50%，就没有左右横滚的问题了
的确，X-Plane10 不是一插上摇杆就可以开始玩的，我的理解是，那是由于它的高度可定制性。
[attach]33[/attach]




|||
2015-05-17 13:17:43;;;X-Plane10飞行摇杆必看设置：按键功能配置;;;[i=s] 本帖最后由 rourou 于 2015-5-17 21:19 编辑 [/i]

X-Plane10飞行摇杆必看设置：按键功能配置
你的飞行摇杆的按键需要分配制定功能，我列举一下我常用的按键：起落架gear up/down，襟翼flaps up/down，仰俯修正pitch trim up/down
起落架刹车brake
[attach]34[/attach]


|||
2015-05-17 14:18:36;;;X-Plane10必看设置：天气;;;很多人都说不喜欢 X-Plane10黑暗的天空，实际上是默认的XP的天气设置是多云，不像FSX默认是大晴天，因此给你留下了“坏”心情。通过如下的天气设置，从今天起改变一下印象
[attach]35[/attach]



|||
2015-05-17 10:56:33;;;X-Plane10飞行摇杆必看设置：滑杆坐标系;;;[i=s] 本帖最后由 rourou 于 2015-5-17 21:06 编辑 [/i]

飞行摇杆以X52为例子，所有的滑杆，包括左右横滚，抬头低头，油门等等都属于滑杆，他们有细腻的坐标轴比如0~255，这样特性的滑杆，在 
X-Plane 10需要特别的设置，下图是我的设置。设置非常简单，在 X-Plane 10下面的界面，中推动你的摇杆的某一个滑杆，这里会有动画显示，然后再左侧的功能选择中选取你的功能

[attach]32[/attach][attach]32[/attach]

但是X-Plane 10的默认版本存在一个问题，回复可以查看
[hide]
它只能保存一个配置。举个例子，加入有一个北通和一个赛钛客的飞行摇杆，在插入北通摇杆时，你有一套配置。而在插入赛钛客摇杆时，你又另外一套赛钛客的配置。这种情况，默认的X-Plane是做不到的。需要插件x-assign
[/hide]





|||
2015-05-18 11:02:45;;;【翻译】X-Plane 10官方对电脑的要求;;;[size=5][color=Blue]官方推荐如下配置的电脑：
[/color][/size][list]
[*][size=5][color=Blue]a 3 GHz以上,多核处理器[/color][/size]
[*][size=5][color=Blue]8-16 GB 内存
[/color][/size]
[*][size=5][color=Blue]高端兼容DirectX 11的显卡，内置显存 2-4 GB[/color][/size]
[/list][attach]38[/attach]
[size=4][color=Red]旁白
[/color][/size]
[size=4][color=Red]作为为了FSX升级硬件的过来人，我可以肯定的告诉你，FSX只对CPU频率敏感，升级显卡没用。[/color][/size]
[size=4][color=Red]只有X-Plane可以把你的硬件[/color][/size][size=4][color=Red]发挥出来。[/color][/size]


|||
2015-05-18 11:11:35;;;X-Plane高端电脑配置标准;;;[size=4][color=Blue]给大家做个参考，X-Plane需要怎样的机器。
[/color][/size][list]
[*][size=4][color=Blue]Intel Quad Core i-5 4690K Processor overclocked to 4.3GHz[/color][/size]
[*][size=4][color=Blue]16 Gigabytes of DDR-3 1600MHz RAM[/color][/size]
[*][size=4][color=Blue]Dual Layer DVD Burner[/color][/size]
[*][size=4][color=Blue]2TB (2000 Gigabyte) SSHD Hybrid Hard Drive[/color][/size]
[*][size=4][color=Blue]Nvidia GTX 970 with 4GB[/color][/size]
[*][size=4][color=Blue]700-Watt Power Supply with dual +12V rails for power stability
[/color][/size]
[/list][size=4][color=Blue]
亮点是，这里没有用i7,居然用的i5[/color][/size]
[size=4][color=Blue][attach]39[/attach][/color][/size]
|||
2015-05-24 01:20:20;;;X-Plane 10.35离线升级包;;;[i=s] 本帖最后由 xgirl 于 2015-6-17 11:57 编辑 [/i]

[size=5]X-Plane 10.35离线升级包[/size]
请先确保你已经拥有X-Plane 10.xx版本，下面是升级后的启动画面，注意版本10.35
[attach]42[/attach][size=5]
[/size]
[size=5]分享链接[/size]
[hide][yun=http://pan.baidu.com/s/1bnjj5BD]cx5f[/yun]
[/hide]
[size=3]此下载包有约3GB，希望你的网速足够快，或者整晚让它下载。[/size]

[size=5]安装方法[/size]
下载后，解压缩，合并覆盖原安装路径即可
[size=5]
[/size]
[size=5]版本信息[/size]

相对于10.30版本，增加了792个3D机场的场景



|||
2015-05-24 06:51:35;;;X-Plane 10.02r1 DVD 9 碟完整版;;;[i=s] 本帖最后由 xgirl 于 2015-5-24 15:48 编辑 [/i]

[attach]43[/attach]


[size=5]下载地址[/size]
ISO文件非常大,下载需要告诉网络的支持
[hide]
[yun=http://pan.baidu.com/s/1sj9fxBB]kbyu[/yun]
[/hide]

[size=5]先决条件[/size]
对于Windows客户，你需要先安装虚拟光驱程序

[size=5]安装步骤[/size]
[url=http://simflie.cn/forum.php?mod=viewthread&tid=9]http://simflie.cn/forum.php?mod=viewthread&tid=9[/url]


[align=left][size=5]X-Plane 10是什么[/size][size=5]？[/size][/align][align=left]X-Plane 10全球是世界上最全面，最强大的飞行模拟器为个人电脑，它提供了最真实的飞行模式可用[/align][align=left]X-Plane不是一个游戏，而是一个工程工具，可以用来预测固定翼和旋转翼飞机的飞行品质以令人难以置信的精度。[/align][align=left]由于X-Plane预测的性能和处理几乎任何飞机，这是一个伟大的工具，飞行员保持本国货币的苍蝇像真正的飞机，为工程师来预测一个新的飞机将飞行模拟器，并为航空爱好者探索飞行器飞行动力学的世界。[/align]




|||
2015-05-24 10:22:42;;;?升级?X-Plane 10.35后夜景欣赏;;; 升级 X-Plane 10.35后，程序启动加载时间变长了。但是图像部分有一定提升，夜景欣赏

飞机在跑道上2张图
[attach]48[/attach][attach]44[/attach]




驾驶舱内夜景
[attach]45[/attach][attach]46[/attach][attach]47[/attach]
|||
2015-05-24 11:33:04;;;FlyWithLua 2.3.3 X-Plane 10 Lua脚本系统;;;[i=s] 本帖最后由 xgirl 于 2015-5-24 20:05 编辑 [/i]

[align=left][b]FlyWithLua for XP9 and XP10 2.3.3 (win, lin, mac)[/b][/align][align=left][attach]49[/attach][/align][align=left]Lua其实是一种脚本语言,但是 X-Friese 为 X-Plane开发了插件 FlyWithLua,这样你只需要写个简单的脚本,就可以帮你自动出一些事情,当然这本身须对编程有一些概念。也就是说FlyWithLua是一个二次开发的平台[/align]
[align=left]经过亲自测试，需要升级XP10.35后再，安装插件[/align][align=left][align=left]X-Plane 10.35离线升级包[/align][align=left][url=http://simflie.cn/forum.php?mod=viewthread&tid=30&fromuid=8]http://simflie.cn/forum.php?mod=viewthread&tid=30&fromuid=8[/url][/align][align=left](出处: SimFlie.cn中国模拟飞行)[/align]
[/align]
[align=left][size=5]下载地址[/size][/align]
[hide][yun=http://pan.baidu.com/s/1c0exQZQ]kydb[/yun][/hide]


[size=5]使用方法[/size]
[size=5]
[/size]
[size=2]其实并不需要特别的使用[/size],FlyWithLua是随着XP系统的启动,自动运行的.
确认插件运行正常的方法,是看它已经在插件菜单里出现
[attach]52[/attach]


|||
2015-05-24 11:50:14;;;Real Terra Haze真实地表薄雾;;;[i=s] 本帖最后由 xgirl 于 2015-5-24 20:12 编辑 [/i]

[b]Real Terra Haze v2.03b3[/b]可以让X-Plane 10的真实度增加不少，但是它需要LlyWithLua的支持，因为它本身只是个脚本

[size=5]请首先安装插件[/size]
FlyWithLua 2.3.3 X-Plane 10 Lua脚本系统
[url=http://simflie.cn/forum.php?mod=viewthread&tid=33&fromuid=8]http://simflie.cn/forum.php?mod=viewthread&tid=33&fromuid=8[/url]
(出处: SimFlie.cn中国模拟飞行)

[size=5]效果图[/size]
XP默认效果
[attach]53[/attach]
RTH打开后的效果
[attach]54[/attach]


[size=5]下载地址[/size]
[size=5]
[/size]
[hide][yun=http://pan.baidu.com/s/1jGAFEEa]7h7d[/yun][/hide]


[size=5]使用方法[/size][size=5]
[/size][size=2]如果你需要显示RTH[/size](Real Terra Haze)的菜单,在 plugin中选择 FlyWithLua Macro菜单
[attach]50[/attach]


然后显示出来的效果，在整个屏幕的左侧,会有RTH的一个半透明菜单
[attach]51[/attach]

|||
2015-05-26 07:39:37;;;Inertial Navigation惯性导航;;;Inertial Navigation惯性导航=加速度传感器+角速度传感器+电子罗盘+GNSS

加速度传感器：能知道X，Y，Z轴上的加速的，重力轴上有个几乎恒定的重力加速度，可以参考
角速度传感器：能得到转动角度上的加速度
电子罗盘：可以知道航向，但是对电磁场非常敏感
GNSS：也就是所谓的GPS，但是精度有限
|||
2015-05-26 08:18:33;;;X-Plane SDK 插件开发;;;X-Plane作为一个开放平台，X-Plane SDK提供了公开的接口，共开发者们进行二次开发
X-Plane SDK 2.1.3插件开发包 开发人员专用
[url=http://simflie.cn/forum.php?mod=viewthread&tid=37&fromuid=1]http://simflie.cn/forum.php?mod=viewthread&tid=37&fromuid=1[/url]
(出处: SimFlie.cn中国模拟飞行)


|||
2015-05-26 08:32:27;;;X-Plane SDK 2.1.3插件开发包 开发人员专用;;;[size=5]X-Plane SDK 2.1.3[/size]

[font=仿宋,仿宋_GB2312][size=5][color=Red]如果你不是开发人员，请忽略本帖[/color][/size][/font]

这已是目前最新的SDK，而且SDK非常小，可见X-Plane接口最兼容性非常好，一直都没有太大的变动，稳定。
SDK2.1需要X-Plane 10以上的平台
[size=4]
编译器的需求[/size]
[list]
[*]MAC平台： X-Code 3.2 or newer, 32 and 64-bit Intel
[*]Windows平台：Microsoft Visual Studio 2010 (32 and 64-bit)
[*]Linux平台：makefile for GCC 4.x (32 and 64-bit)
[/list]

[size=4]
SDK下载地址[/size]
[hide]
[yun=http://pan.baidu.com/s/1bnyIJQB]d7kj[/yun]
[/hide]
|||
2015-05-27 03:15:31;;;SLI/CrossFire多高端显卡互联交火技术对X-Plane无用;;;[size=5]SLI/CrossFire多高端显卡互联交火技术对X-Plane无用[/size]
[size=5]
[/size]
[size=5]
[/size]
这是X-Plane官方的信息，SLI/CrossFile多显卡技术，对X-Plane无用。官方的解释如下
X-Plane飞行模拟的运行速度快慢限制来自于3D模型，包括飞行，地景，云这些3D元素运算流过显卡总线的速度。如果是SLI/CorssFire两张显卡，他们彼此之间需要通讯，需要把贴图发的来，发的去，这反而会减低X-Plane的速度
[attach]55[/attach]

|||
2015-05-27 10:51:37;;;说到X-Plane不得不说的Austin Meyer;;;Austin Meyer, Laminar Research公司创始人，也是X-Plane专业模拟飞行的生父。
1988年，还在就读高中的Austin Meyer，同时在考取飞行执照。他很快发现只能在美国圣地亚哥的上空打转有些无聊，那时由于手头不是很宽裕，为了考取执照，他又不得不经常练习飞行。然后他注意到刚上市的微软模拟飞行(MFS)也许能帮助到他。可是当使用之后，他很快发现微软模拟飞行的局限性，就此，Austin Meyer决定自己开发设计一个模拟飞行软件。
数年后，他考上了爱荷华州立大学，之后在航空工程学院拿到了本科学位。他希望他的软件可以按照飞机实际外形在空气中的动力特性建模来模拟飞行。之后的软件基于空气动力学的“桨叶气动力理论”。这也是一直到现在Meyer的模拟飞行软件和市面上其他模拟飞行软件的最大的不同。这就是基于这样的理论，他的软件可以非常精确，流畅的，几乎接近实际的飞行的体验。他决定叫他“X-Plane"，这里名字来源于70年代，爱德华空军基地的实验项目。

[attach]56[/attach]

Austin Meyer解释了X-Plane 10的一些设计细节：X-Plane 10中的每个城市，我们的团队，都是从一草一木重新制作的。
X-Plane的用户群很广，从青少年玩耍F22猛禽或者航天飞机，到飞行学员第一次学习飞行，到老道的飞行员，那模拟飞行反复练习提高飞行技巧。还包括很多主流航空公司，或者世界各国的航天机构。还有飞机设计公司，那这个软件模拟和测试他们的设计。
值得一提的是，美国国防部，CIA，NASA，还有无数的飞机设计公司，甚至包括微软，他们都在使用X-Plane。还有很多大学拿X-Plane做教学软件。

航空公司的航线飞行员也在飞行地面休息时间，用X-Plane在他们的笔记本电脑上练习他们接下来执飞的航线。货机飞行员，也会利用X-Plane在空闲时间练习，保持住飞行技巧，以应对一年一度的飞行考核。

还有数不清的通用航空飞行员，用X-Plane，可以为他们的跨国飞行，做模拟练习，节省了大量开支。还有无数的开发人员，为软件制作了非常多的插件飞机，只有你想不到，没有做不到，就在X-Plane

|||
2015-05-31 01:58:06;;;X-Plane 10.35升级后画质提升;;;X-Plane 10.35升级后画质提升
[attach]57[/attach]


|||
2015-05-31 02:02:35;;;X-Plane10.35 德国多尼尔325涡桨;;;[i=s] 本帖最后由 rourou 于 2015-5-31 10:05 编辑 [/i]

X-Plane10.35 德国多尼尔325涡桨
[attach]58[/attach]
多图欣赏
[attach]60[/attach][attach]59[/attach]

|||
2015-05-31 02:10:11;;;X-Plane 10.35 C-130效果图;;;X-Plane 10.35 C-130效果图
[attach]61[/attach]
|||
2015-05-31 14:54:22;;;世上最真实的X-Plane画面;;;[b]跑道旁拍摄到水陆两栖飞机降落[/b]
仔细看飞机的动作，非常细腻，还有起落架的减震效果而导致的飞机晃动，在接着机轮擦烟的效果，无不透露X-Plane是飞行员练习飞行的利器


[media=x,500,375]http://v.youku.com/v_show/id_XMTI1MTM5Njg4MA==.html[/media]

[attach]62[/attach]
|||
2015-06-03 00:53:57;;;X Plane的飞机舱门如何打开;;;[i=s] 本帖最后由 rourou 于 2015-6-3 23:20 编辑 [/i]

X Plane没有一个固定的键盘快捷键是打开/关闭舱门，根据机模的不同而不同，你需要在驾驶舱内找到相对应按钮
[attach]63[/attach][attach]64[/attach]|||
2015-06-03 00:58:29;;;如果你今天不想当飞行员，那就让X Plane AI来驾驶;;;AI就是人工智能，你可以脱手只做为乘客，或者摄影师，来观看一段起飞和降落的视觉盛宴|||
2015-06-03 01:04:36;;;X Plane 10新手如何安装;;;如果你是模拟飞行的小白，那么本教程最适合你。
我测试过的操作系统windows 7 x64，你也可以尝试使用其他系统。
对于windows系统，你需要安装虚拟光驱。|||
2015-06-04 13:42:13;;;发现号航天飞机正在地球轨道上;;;除了低空，X-Plane连外太空都可以模拟，而且帧数还不低
[attach]65[/attach]


|||
2015-06-06 03:52:32;;;X-Plane优秀商业插件网站列表;;;[url=http://jardesign.org/]http://jardesign.org/[/url]
[url=http://flightfactor.aero/]http://flightfactor.aero/[/url]
[url=http://www.x-aviation.com/]http://www.x-aviation.com/[/url]
[url=http://www.vflyteair.com/]http://www.vflyteair.com/[/url]
[url=http://www.aerosoft.com/]http://www.aerosoft.com/[/url]
[url=http://www.qpac-us.com/]http://www.qpac-us.com/[/url]
[url=http://www.flyjsim.com/]http://www.flyjsim.com/[/url]
[url=http://www.carenado.com/]http://www.carenado.com/[/url]
[url=http://www.alabeo.com/]http://www.alabeo.com/[/url]
[url=http://www.mcphatstudios.net/]http://www.mcphatstudios.net/[/url]
[url=http://www.khamsin.org/]http://www.khamsin.org/[/url]
[url=http://www.dai-media.com/]http://www.dai-media.com/[/url]
[url=http://beti-x.com/]http://beti-x.com/[/url]



注意到了么，本站是允许外链的








|||
2015-06-06 04:03:49;;;x-camera插件轨道视角围绕多尼尔328涡桨飞机拍摄;;;[media=x,500,375]http://v.youku.com/v_show/id_XMTI1NTAwMjM3Ng==.html[/media]

[attach]66[/attach]

|||
2015-06-06 07:25:46;;;ATR 72-500，250元;;;ATR-72型飞机是法国与意大利合资的飞机制造商ATR公司制造的ATR-42支线客机的改进型。为双螺旋桨民航机，其结构上与ATR-42一样，但机身更长，载客数更多，航程超过1650公里。

Aerosoft/McPhat Studio联合开发的ATR 72-500,机模最初由Aerosoft研发，而McPhat Studio，还是干他的老本行，做高清涂装。同时他也是最终选择这款机模Aerosoft ATR 72-500为入手点，第一次在X-Plane尝试做高清涂装。结果还是不错的
[attach]67[/attach]
你可以看到X-Plane的渲染效果还是不错的。目前售价为25欧元，约250元人民币。花不到300块，就可以买一架飞机回家，还是很值得的。

[url=https://store-x-plane-org.3dcartstores.com/ATR-72--500_p_211.html]https://store-x-plane-org.3dcartstores.com/ATR-72--500_p_211.html[/url]

你想想你坐一次飞机需要多少钱。
这家飞机有什么特点？
我就不多说了，该有的都有，驾驶舱细节，包括各种动画，反正什么都有。说说不足吧。
这个ATR72-500，唯一的缺点是FMC飞行管理系统，是用的X-Plane系统默认的，当然你可以外加x-fmc插件来弥补这个缺点。其实你玩多了，会发现各种飞机的FMC飞行管理系统千篇一律，没错，因为他们的供应商世界上也没几家。

|||
2015-06-06 07:42:07;;;Carenado B200 KingAir，210元;;;Carenado B200 KingAir 比奇航空空中国王B200

B200飞机每10万飞行小时安全记录比同级别喷气飞机好，在同级别飞机中出勤率最高，其宽敞客舱提供舒适的工作或休息空间，每海里仅1.88美元的运营成本，比大多数喷气机更经济
[attach]68[/attach]
目前售价是35美金，就是人民币210元，花200元出头，就可以买一架飞机，还是很值得的。毕竟玩模拟飞行的重点是驾驶，了解飞机的每个细节，为未来可能的考取飞行驾照做准备
[attach]69[/attach]
|||
2015-06-06 10:21:19;;;C188b轻型农用飞机，只需120元;;;看过电影《飞机总动员》，其中的主角，就是由赛斯纳飞机公司生产的轻型农用飞机188。
[attach]70[/attach]
随着国人生活水平的提高，越来越多的人开始购买正版软件，这既是对原创的支持，也是对劳动的尊敬。
Alabeo出品的X-Plane C188B，极致细腻的机模，我也认为是一直盗版过来的模拟飞行员，踏入正版软件世界的敲门机模。现在售价20美金，也就人民币120元，就可以把飞机买回家
[attach]71[/attach]

|||
2015-06-06 13:35:40;;;QPAC和Airbus和FlightFactor的关系;;;[i=s] 本帖最后由 rourou 于 2015-6-6 22:13 编辑 [/i]

QualityPark AviationCenter (QPAC)是一家德国中型大小的公司，2000年成立在德国汉堡。QPAC实际是QualityPark公司旗下的一个部门，专注于飞行。我说到这里你还是不知道我要说什么。耐心点。这个部门的成立实际是为了一家飞机公司Airbus.
2007年空客飞机A380的"Fly by wire“系统，就是来自于QPAC，这下明白了吧。包括之后的A350也用的是QPAC的飞行系统。

[attach]72[/attach]
2009年QPAC选择了X-Plane集成了他的系统逻辑，并且出了QPAC A320插件，完整复制了真实的A320飞行系统，但是该机模没有3D 驾驶舱。售价25美金，约150元人民币。
[attach]74[/attach]

2015年FlightFactor A350 XWB插件，也采用了QPAC的软件，你明白了A350的高仿真度了吧？！
[attach]73[/attach]

|||
2015-06-07 05:29:24;;;X-Plane导航数据Navigraph 1509;;;Navigraph致力于更新给导航数据给模拟飞行世界，当然也包括X-Plane

[url=https://www.navigraph.com/FmsDataManualInstall.aspx]https://www.navigraph.com/FmsDataManualInstall.aspx[/url]
下载X-Plane导航数据，注意到了么？X-Plane的导航数据还是比较统一的
[attach]75[/attach]

[list=1]
[*]解压出 "apt.dat" 到X-Plane路径 "X-System \| Resources \| default scenery \| default apt dat \| Earth nav data"
[*]解压出 ("earth_astro.dat", "earth_awy.dat", "earth_fix.dat" and "earth_nav.dat" 到X-Plane安装路径 "X-System \| Resources \| default data"
[/list]
下载地址
[hide]
[yun=http://pan.baidu.com/s/1gepyI6B]gpqr[/yun]
[hide]

|||
2015-06-07 12:30:37;;;为X-Plane制作人物动画;;;产生人物的免费3D软件
[url]http://www.makehuman.org/[/url]

著名免费3D软件
[url]http://www.blender.org/[/url]

任务运动捕捉文件


|||
2015-06-17 03:54:59;;;迷上了X-Plane螺旋桨飞机;;;我也是FSX之前的老用户，最近关注到了X-Plane，发现这个模拟器，上手比较忙，各种安装，配置都需要适应。可是一旦上手，我才感受到X-Plane是一个真正关注于“飞”这件事的模拟器，细细体会，发掘它的魅力越来越大。可以说X-Plane属于慢热性程序，一旦上手，就不愿离开
|||
2015-06-19 02:27:47;;;【高清】X-Plane KingAir双引擎飞机轻柔降落;;;【高清】X-Plane KingAir双引擎飞机轻柔降落

飞机插件Carenado KingAir B200
视角插件X-Camera 2.0


[media=x,500,375]http://v.youku.com/v_show/id_XMTI2MzI2Mjc3Ng==.html[/media]
|||
2015-06-26 03:21:23;;;如果飞行员在天空中失去了方向，该怎么办;;;[i=s] 本帖最后由 xgirl 于 2015-6-26 11:39 编辑 [/i]

[align=left][color=#000][font=微软雅黑][size=5]爬升：爬到更高的高度可以避开地势较高的障碍物[/size][/font][/color][/align][align=left][color=#000][font=微软雅黑][size=5]通讯：如果你知道ATC频率，那么就赶紧联系他们。如果不知道，就可以联系应急频道121.5。还有UNICOM频率，下面是美国的UNICOM频率[/size][/font][/color][/align][align=left][list]
[*]122.700 MHz
[*]122.725 MHz
[*][b]122.800 MHz[/b]
[*][b]122.950 MHz[/b]
[*]122.975 MHz
[*]123.000 MHz
[*]123.050 MHz
[*]123.075 MHz
[/list][/align][align=left][color=#000][font=微软雅黑][size=5]坦白：诚实告诉ATC你的情况[/size][/font][/color][/align][align=left][color=#000][font=微软雅黑][size=5]服从：ATC知道如何把你引导到地面，听从ATC的指令[/size][/font][/color][/align]|||
2015-06-26 05:12:03;;;新西兰所有机场的航图;;;[url]http://www.aip.net.nz/NavWalk.aspx?section=CHARTS[/url]
|||
2015-07-14 06:08:27;;;[高清] 比奇航空KingAir B200b飞机希尔斯伯勒;;;比奇航空KingAir B200b双引擎螺旋桨飞机希尔斯伯勒
[media=x,500,375]http://v.youku.com/v_show/id_XMTI4NDA4ODY3Ng==.html[/media][attach]76[/attach]



|||
2015-08-01 00:06:51;;;带你参观我刚买的飞机;;;[media=x,500,375]http://v.youku.com/v_show/id_XMTI4NjQxNDcyNA==.html[/media]|||
2015-09-09 14:31:34;;;A320neo美丽么;;;A320neo美丽么
|||
2015-10-12 06:35:01;;;X-Plane 10.40离线升级包;;;[i=s] 本帖最后由 xgirl 于 2016-1-10 21:01 编辑 [/i]

[size=6]新功能与改进[/size]
[list]
[*]新的天气控制接口
[*]DSF 多核、 少等待，远处场景看的更清晰
[*]新的多核的 AVI 的录像机― ― 替换 QuickTime，运行在所有平台上，32 或 64 位。
[*]禁用屏幕保护程序
[*]涡扇发动机PT-6 现在已经正确的模拟了
[*]温度计和燃料指示灯故障模拟
[*]拖缆是黑色的使它几乎不可能看到的。已变成灰色，使它更易于看到。
[*]很酷: 故障允许随机发生!
[/list]
[attach]79[/attach]
[attach]83[/attach]
[attach]82[/attach]
[attach]80[/attach]
[size=5][color=Blue]不需要安装10.35，直接覆盖安装[/color][/size]
[hide]
[yun=http://pan.baidu.com/s/1jGzZRmA]k6fs[/yun]
[/hide]

7zip解压密码: cpuwolf


|||
2015-10-16 06:03:52;;;Please help to support;;;[font=Trebuchet MS][size=3][color=#000099]It is a free website for your use and enjoyment. [/color][/size][/font][font=Trebuchet MS][size=3][color=#000099]However, having said that, nothing in life is free. I pay for the domain name, and the web host. If you enjoy this website and wish to show your support there are two ways that you can do[/color][/size][/font]

[font=Trebuchet MS][size=3][color=#000099]
[/color][/size][/font]
|||
2015-10-18 13:44:33;;;【高清】X-Plane 10.41抢先看 KingAir B200旧金山机场电影;;;[i=s] 本帖最后由 xgirl 于 2015-10-18 21:47 编辑 [/i]

X-Plane 10.41是有史以来最流畅的一次升级，画面有很大的提升。插件机KingAir B200画面用Adobe After Effect做过调整，已经用sony vegas最后合成编辑。
[attach]84[/attach]
[media=x,500,375]http://v.youku.com/v_show/id_XMTM2Mjk5NDc5Ng==.html[/media]


|||
2015-10-19 09:46:59;;;X-Plane 10.41离线升级包;;;[i=s] 本帖最后由 xgirl 于 2016-1-10 21:02 编辑 [/i]

10.40不到半个月的时间，就升级到了10.41回复后获得更详细信息。本次升级和10.35相比，系统流畅度有了很大提高，立即升级吧
[hide]

[yun=http://pan.baidu.com/s/1dDAZJvb]fdev[/yun]
解压密码: simflie

[/hide]



|||
2015-10-26 03:00:30;;;【高清】旧金山机场租来飞机前往约塞米地国家公园;;;[i=s] 本帖最后由 xgirl 于 2015-10-26 12:58 编辑 [/i]

[font=微软雅黑][size=5][color=#4169e1]旧金山机场租来，空气之王B200，前往约塞米帝国家公园.
空气之王B200旧金山（KSFO）起飞，沿途进过，约塞米帝国家公园，降落妈妈湖/马姆莫斯湖（KMMH）。拍摄于X-Plane 10.41[/color][/size][/font]

[attach]85[/attach][attach]86[/attach]
[attach]87[/attach][attach]88[/attach]
[attach]89[/attach][attach]90[/attach]

[media=x,500,375]http://v.youku.com/v_show/id_XMTM2OTM5NzI1Ng==.html[/media]

[size=5][color=#0000ff]KMMH降落的航迹[/color][/size]
[attach]91[/attach]
|||
2015-10-26 03:06:02;;;2005年航空纪录片《one six right》不可错过;;;[i=s] 本帖最后由 xgirl 于 2015-10-26 11:08 编辑 [/i]

以美国洛杉矶Van Nuys airport的16R跑道为主线，讲述飞行员联盟这个与世隔绝的世界的故事
[media=swf,500,375]http://static.video.qq.com/TPout.swf?vid=u0162svb643&auto=0[/media]

|||
2015-10-31 04:04:22;;;飞机到底有没有雨刷;;;给你看一下图，就知道飞机到底有没雨刷， KingAir B200为例，雨刷控制在顶板上
[attach]92[/attach][attach]93[/attach]

|||
2015-10-31 04:13:08;;;SkyMaxx Pro V3?抢先看;;;最近出了新版的V3，此版本老用户并不能免费升级。但是有半价优惠。
[url=http://www.x-aviation.com/catalog/product_info.php/skymaxx-pro-p-115]http://www.x-aviation.com/catalo ... p/skymaxx-pro-p-115[/url]

不废话直接看看效果，比X-Plane 原本的云引擎速度还快
[attach]94[/attach]
[attach]95[/attach]
[attach]96[/attach]


|||
2015-10-31 13:25:55;;;KingAir B200 Prop Gov test switch螺旋桨调节器测试按钮;;;KingAir B200 Prop Gov test switch螺旋桨调节器测试按钮到底在哪个位置？

螺旋桨调节器测试 是 起飞前必做的一项检查，还有清除地面垃圾的作用，因为你需要讲油门推到大。
下图正好被驾驶杆遮挡了一半
[attach]97[/attach]


|||
2015-11-01 14:05:36;;;Carenado King Air B200 V3飞行中出现黑视;;;[i=s] 本帖最后由 xgirl 于 2015-11-1 22:34 编辑 [/i]

Carenado King Air B200 V3从澳大利亚YPPH/YGEL

标准仪表离场程序GURAK
[attach]98[/attach]
实际飞行航迹为，看起来还不错
[attach]99[/attach]
之后巡航在FL220，一切看起来都正常，跑出了50海里，屏幕突然渐渐变暗，可以菜单是可以看得见的，我初步判断，不是显卡坏了，也不是屏幕保护。只好切换到外视角，一切正常，再切回到3D驾驶舱，屏幕又渐渐黑下来。同事接着一点点的光线，我注意到飞机的高度警告灯的确在闪烁。
平日看过的空难纪录片也不少，有一集《死亡航班》的，唤起了我的回忆，我在想，厉害呀，X-Plane 10居然把飞行员缺氧模拟出来了。为了确认的猜想，在Carenado官方网站找到了蛛丝马迹
[attach]100[/attach]
网站说的明明白白，该机型对模拟空压系统有支持。
但是问题回来了，我当时的什么操作引起了舱压不足。由于之前一直玩得是FSX，对舱内气压很少关心，所以这方面的知识也是缺乏的。
接着 Google，找到了一些资料。
[attach]102[/attach]

主要是右边这个气压表，个个飞机都是大同小异。
长指针指的是客舱高度，单位是 1000 feet。
短指针指的是气压差，单位是PSI。
什么概念？
海平面的气压大概是14.7 PSI
高度33000 feet的气压大概是4 PSI，正常人类在这个气压的效果是立马晕厥。

为了让客舱舒适，客舱必须加压10个PSI的差值，这个气压差，就是上面右侧仪表的短指针指示。
所以客舱是加压的，也就是说客舱有向气球一撮就爆炸的趋势，所以机场是有个承受值的，也就是为什么短指针的量程，是有红色极限区域的。



|||
2015-11-06 13:30:19;;;KingAir B200?高空缺氧问题重飞;;;前面一次飞行，出现了黑视。为了复现我是如何犯下的错误，重新飞了一遍，在洛杉矶上空，一直爬升到26000，保持半个小时，没能出现缺氧症状，只好就近降落了
[attach]103[/attach]
[attach]105[/attach]
[attach]104[/attach]

|||
2015-11-07 03:59:54;;;C172西雅图的早晨;;;[attach]108[/attach]
西雅图著名Mt Rainier
[attach]106[/attach]

[attach]107[/attach]
[attach]109[/attach]
[attach]110[/attach]


|||
2015-11-08 14:09:25;;;X-Plane黑夜如何冷舱启动手电筒功能;;;X-Plane黑夜如何冷舱启动？答案就是手电筒功能.
顺便欣赏一下旧金山机场的黑夜
[attach]111[/attach]
[attach]112[/attach]
[attach]113[/attach][attach]114[/attach]

|||
2015-11-18 05:42:45;;;X-Plane多屏幕的支持;;;昨晚查了一下X-Plane多屏幕的相关资料，我这里总结一下。
[list=1]
[*]原则上X-Plane的多屏幕，是一台主机控制一个显示器，然后用固有的联网的功能组成多屏幕。也就是说，组双屏就需要2台主机，组3屏需要3台主机。网上老外有视频，看起来效果不错，屏幕融合的很好。这个方法的最大的问题就是，成本太高，自己玩，实在太奢侈。
[*]对于一台主机，多个显示器的方案。
[list]
[*]Nvidia显卡支持3屏幕扩展：这里一定要是3屏幕，双屏幕这功能打不开。它利用physx加速。
[*]对于双屏，X-Plane，可以custom screen resolution。
[attach]115[/attach]
例如我的1920x1080的两个显示器，那我就客制化分辨率为1920x2=3840，也就是3840x1080的超长显示器，然后选择全屏。
[attach]116[/attach]
[attach]117[/attach][attach]118[/attach]
[/list]
[/list]
|||
2015-11-18 15:10:46;;;X-Plane 10.41效果抢先看;;;[attach]123[/attach][attach]119[/attach]
[attach]121[/attach]|||
2015-11-19 08:02:09;;;显卡又到更新换代的时候了。GTX970高性价比;;;[i=s] 本帖最后由 xgirl 于 2015-11-19 16:11 编辑 [/i]

先用显卡是GTX 750Ti，一款性价比极高的显卡。跑X-Plane 10.41的情况是，在抗锯齿第一级的情况下，[list]
[*]在外场景，在30帧左右。
[*]在3D驾驶舱，在23帧左右
[/list]
总体讲，还有有些吃力的。

最近盯上了两颗芯片GTX980 vs. GTX970。我还是希望找到性价比最高的那颗。搜索到如下照片
[attach]124[/attach]
照片里是主流3D游戏的一些跑分情况。
现在平均市场售价对比
[list]
[*]2400元 GTX970
[*]3500元 GTX980
[/list]也就是说GTX980的价格高出GTX970 46%的价格。可是从上面的性能对比，980并不能高出970 46%的性能。

所以目前看，GTX970是高端显卡中，性价比很高的一个选择
|||
2015-11-28 14:00:28;;;黑色星期五打折 波音777降价25美金;;;[i=s] 本帖最后由 xgirl 于 2015-11-28 22:06 编辑 [/i]

[url=http://store.x-plane.org/]http://store.x-plane.org/[/url]

看再来打折最恨的是worldliner boeing 777 pro extended pack 85美金打折到60美金，降幅达到25美金

[attach]125[/attach]

|||
2016-12-22 23:18:02;;;即将发布的X-Plane 11 beta3版：轮胎力建模..当飞机不动;;;[color=rgb(0, 0, 0)][backcolor=rgb(251, 251, 251)][font=Arial, sans-serif, Helvetica][size=14px]接下来本周晚些时候在测试3，发布此当你看到BETA 3是在这里：[/size][/font][/backcolor][/color]

[align=left][color=rgb(0, 0, 0)][backcolor=rgb(251, 251, 251)][font=Arial, sans-serif, Helvetica][size=14px]这是新的β-3，真正的乐趣和冷静地看到它在行动[/size][/font][/backcolor][/color][/align]
[color=rgb(0, 0, 0)][backcolor=rgb(251, 251, 251)][font=Arial, sans-serif, Helvetica][size=14px]
[b]轮胎力建模..当飞机不动！[/b]

OK，也许我的幽默感是所有搞砸了2周直编码后，但是这一个是太搞笑：

对于X飞机11β-3，我只是解决了其实一直都在X飞机20年中的错误（由维生素Zenisek指出）...并且只影响了飞机，当它是不动的议案。

得到它了？

这里的非动态情况的动态：

在X飞机轮胎力模型是足够好的在驾驶赛车模拟器使用的，因为它实际上得到一直到沿该橡胶横跨路面拖轮胎的接触贴片的载体。该动力是真的很不错，尤其是在X飞机11，我采取了从轮胎Stradale的，造型更新。

BUUT，这种物理模型有致命的缺陷：模拟细节一直到如何相互作用，橡胶，因为它正在整个人行道...拖动的模型。只能当橡胶被拖动穿过路面！杜！因此，当它不工作？当你已停止ARTE！HAR！

所以，当在X飞机的飞机已经停止，我只是'锁定了飞机降“，完全绕过轮胎模型。

没有运动？没有飞行模式！

这听起来不错，不是吗？

错误！！！！！！

在运行时，飞机的确是一动不动，但作用在飞机上，通过起落架的力量，是非常重要的！
当您添加动力，例如，力反对螺旋桨推力来了从轮胎接触面远远低于螺旋桨！
这船尾的力量，远远低于道具，反对支柱的向前运动，产生，降低供电时与刹车鼻子的扭矩！
你肯定觉得这短场起飞，当你添加动力，拿着刹车，和鼻子hunkers DOWN
然后，当你松开刹车，鼻子会弹出鼻起落架支柱被卸载，这是就行了！
因此，即使飞机甚至没有制动释放前的助跑或电源应用过程中移动，在起落架上的力并导致飞机动力是至关重要使得X飞机飞机的行为，感觉就像真实的飞机！

SOOOO，我们如何构建一个基于运动轮胎型号，因此当飞机停止了工作？

简单！

我们模拟焊接！

当飞机停止，轮胎力足以有拿着它，我们想象轮胎接触面是正确的轮胎接触面的中心焊接倒在了地上！从轮胎在飞机上的力阻尼弹簧的反对从焊接向下现场飞机的任何位移！从轮胎接触补片的那个世界点任何（小）的位移是由于轮胎侧壁的弯曲，从而使车轴永远移动，从而略微的前后作为轮胎的发动机，风载荷作用下弯曲，一倾斜跑道，或任何其他它是试图让飞机！

SO，停止时，我们焊接轮胎接触面在地上阻尼弹簧模拟保存您的地方用，着实有些FLEX轮胎侧壁！
然后，随着刹车被释放或飞机上的力超过轮胎允许的刹车......我们切换到轧制或根据需要拖动的动态轮胎模型！

凉！

整个事情发生的无缝连接，而且效果真的是相当惊人的。
与塞斯纳172，对于短场起飞，得到刹车一路去到全功率..鼻子开始推动下潜水！
然后，下车刹车和鼻子弹出并振荡象鼻子支撑卸载，从飞机的惯性过度延伸，直至运动阻尼振荡出了几次，当飞机开始加速在跑道上！

这感觉就像真正的飞机！

您将在X飞机得到这个出发11β-3，我真的很生气，我们都没有这个在过去的20年！
（因为在X飞机的版本，你有现在，这一切都缺少这SUUUUUUUUCKS！）

因此，抓住X飞机11β-3出来时（很快），并尝试一些刹车上，全功率，刹车过短场起飞的轻型飞机..它终于感觉真的！


[/size][/font][/backcolor][/color]



[color=rgb(0, 0, 0)][backcolor=rgb(251, 251, 251)][font=Arial, sans-serif, Helvetica][size=14px][b]而这也主要是为了测试3改进[/b][/size][/font][/backcolor][/color]


[color=rgb(0, 0, 0)][backcolor=rgb(251, 251, 251)][font=Arial, sans-serif, Helvetica][size=14px]

在我真正的飞机，当你打开电子系统的东西，它拖累压缩机的速度。
压缩机提供冷却空气，保持发动机从自我毁灭！
这是PT-6飞机什么大不了的！
[b]因此，作为发电机负载上来，涡轮伍做下来，和ITT来了......可能足以毁灭引擎！[/b]
有一天，当它是真的很热，我是用对空调滑行，我滑行到顺风时，ITT开始去REDLINE !!!!!
我赶紧关掉空调和ITT快下来！
我说：“噢”，从LO IDLE提前到HI IDLE获得足够的压缩机的转速，以支持空调的电平，然后转身交流回来！

现在，在这一刻X飞机，我做这一切的默认行为。
它是如此容易！
用户已经进入在平面匙每个系统的电气负载。
用户已经进入发电机和他们重视什么引擎。
用户已经进入发动机的马力。

所以，现在，因为我编码权这一刻，X飞机着眼于钩住每个发动机每台发电机的电流和电压。
什么是电流与电压？功率！
因此，我们可以用数学发现，从由发电机压缩机吸的力量！
是的，当你打开，发电机负荷就上去了的东西，黄氏将回落从拖动和ITT就上去了！

因此，它是所有正确的烤到模型..不需要用户器官功能障碍综合征。
当你增加在飞机上电力负荷，在负载将被传递到任何开启的发电机组，这将拖累连接到这些发电机的引擎，
改变输出功率和相应的温度！凉！！！！

虽然这无疑是最引人注目的PT-6，我已经申请了影响到纯喷气机和RECIP发飞机为好，也适用于从增压系统，发动机阻力为好，如果适用。


所以，我们现在对发动机附件拖累。

这是真实的，也是非常重要的。

在自由涡轮飞机，特别是在开启空调需要你提前到喜空闲之前，你打开空调或你会破坏发动机！

这里是发生了什么：

-at低怠速时，发电机空调阻力减缓压缩机
-the压缩机放缓导致ITT上升
-THE ITT骑会破坏发动机！

这是lancair变阵，每一个空中国王在世界的问题。

王-架子必须到一个非常高的空闲，以便能够运行他们的空调或空调会折断，以防止破坏引擎！

在急流哈维尔，你进入了一个自由涡轮（这是错误的！这架飞机有一个固定的涡轮！）和电力负载是如此之高，它是拖压缩机下来

需要有更低的电气系统负载，或更高的空闲！

现在，飞机在紧急情况下：没有足够的压缩机转速和功率来将这些发电机！

这不是x平面中的错误..这是一个新的系统仿真，使SIM更好！

但你也许还有其他需要囤下来，你在飞机制造商的系统页面电电流或去喜闲置，或把你的低或喜空闲，打开发电机（这是挂在压缩机）速度不够快让你的需要产生电流！

现在的故事：
在我的EVO今年夏天，当它是热的，我打开了交流，当我在滑行期间有一个非常LO闲着顺风飞机......在ITT在我的飞机开始去红线！
我差点毁了我的引擎！
我看见了，立即关闭发电机！
ITT的下跌作为发电机关闭，释放了压缩机转动，因为它喜欢和通过发动机送空气的冷却毯
然后我去HI闲置获得充沛的动力来自压缩机和发电机回来......没问题！

为什么这只是偶然发生后，我有2年的飞机？

因为我刚刚做了调整，以较低......在俄勒冈州，在那里它是冷的空闲，他们并不需要空调！HAR !!!!!!!!!!

所以，这是怎么回事！
[/size][/font][/backcolor][/color]

|||
2016-12-22 23:08:51;;;X-Plane 飞机制造必备工具XPlane2Blender 3.3.12;;;[url=https://github.com/der-On/XPlane2Blender/archive/v3.3.12.zip]https://github.com/der-On/XPlane2Blender/archive/v3.3.12.zip[/url]
|||
2016-12-22 23:11:43;;;SkyMaxxPro v4.0.1发布兼容X-Plane 10/X-Plane 11;;;
|||
2015-12-21 00:54:50;;;波音777 v1.81在X-Plane 10.41的测试效果;;;[i=s] 本帖最后由 xgirl 于 2015-12-21 09:06 编辑 [/i]

[attach]128[/attach][attach]126[/attach][attach]129[/attach]|||
2015-12-25 13:17:12;;;777驾驶舱;;;[i=s] 本帖最后由 xgirl 于 2015-12-25 21:20 编辑 [/i]

[attach]130[/attach]
[attach]131[/attach]

|||
2015-12-25 13:53:47;;;云层之上的法航777;;;[attach]132[/attach]
|||
2015-12-25 14:15:27;;;波音777cargo UPS太酷了 降落;;;[i=s] 本帖最后由 xgirl 于 2015-12-25 22:31 编辑 [/i]

[attach]133[/attach]

[attach]134[/attach]

|||
2016-01-05 14:06:39;;;JAR Design A320 neo朱丽安娜机场降落;;;[attach]135[/attach]
|||
2016-01-05 14:12:20;;;JARDesign A320 neo KBFI练习起降;;;[i=s] 本帖最后由 xgirl 于 2016-1-5 22:22 编辑 [/i]

[attach]136[/attach]
|||
2016-01-10 12:59:31;;;X-Plane导航数据更新FMS数据1601;;;[url=https://www.navigraph.com/FmsDataManualInstall.aspx]https://www.navigraph.com/FmsDataManualInstall.aspx[/url]

[attach]137[/attach]




|||
2016-01-18 14:43:17;;;JAR Design A320更新到2.6;;;[i=s] 本帖最后由 xgirl 于 2016-1-24 13:33 编辑 [/i]

JAR Design A320升级到2.6以后， Follow me car给偷偷拿掉了。JAR Design准备把Followme car单独当产品卖
[attach]138[/attach]

[attach]139[/attach]

[attach]140[/attach]


|||
2016-01-24 02:13:34;;;美国西雅图KBFI机场X-Plane 10.41全貌;;;前面去了西雅图，也就是飞行博物馆所在地。最近对这个机场情有独钟
[attach]141[/attach]

|||
2016-01-24 03:34:15;;;FF worldliner 777夜景驾驶舱;;;黑夜中的波音777驾驶舱，灯光效果真的很美
[attach]143[/attach]

|||
2016-01-24 04:24:19;;;新西兰航空773巡航;;;新西兰航空773巡航
[attach]144[/attach]

|||
2016-01-24 05:31:37;;;JAR Design A320 NEO新西兰航空;;;JAR Design A320 NEO装配了鲨鱼鳍小翼，其实并非真正的NEO，因为发动机还是CFM的


[attach]146[/attach]
|||
2016-01-24 12:23:20;;;X-Plane 10和FSX在VATSIM互联的效果;;;这次联网好像在澳大利亚，和FSX的伙伴们。这个效果，哈哈哈
[attach]147[/attach]



|||
2016-01-24 13:02:13;;;Beechcraft kingair B200飞往约塞米蒂国家公园;;;[attach]148[/attach]

|||
2016-01-24 13:05:57;;;看看X-Plane 10的驾驶舱里的太阳光影;;;[i=s] 本帖最后由 rourou 于 2016-1-24 21:08 编辑 [/i]

当时B200正在美国太浩湖的上方。

太阳的投影真的太美了，甚至玻璃上还有仪表的反光

[attach]149[/attach]



|||
2016-01-24 13:10:24;;;刚安装上skymaxx的晚霞云效果;;;刚安装上skymaxx的晚霞云效果
[attach]150[/attach]

|||
2016-01-24 13:14:54;;;英航A320鲨鱼小翼浸润在晚霞中;;;英航A320鲨鱼小翼浸润在晚霞中
[attach]151[/attach]



|||
2016-01-26 02:21:13;;;X-Plane 10 最新地景编辑器 WorldEditor（WED） 1.41;;;
X-Plane 10 最新地景编辑器 [url=http://developer.x-plane.com/tools/worldeditor/]WorldEditor 1.41[/url]，同时支持Windows, Mac, Linux操作系统

作为X-Plane地景初学者，需要一上来就想造个地景，我们可以先从如何修改地景开始

[url=http://developer.x-plane.com/?article=correctly-forming-taxiways-and-junctions]http://developer.x-plane.com/?article=correctly-forming-taxiways-and-junctions[/url]


[img=200,0]http://developer.x-plane.com/wp-content/uploads/2015/12/Apt_guidelines_badt.jpg[/img]

本教程就是修改机场跑道的教材

|||
2016-01-26 03:45:09;;;波音:737MAX计划于西雅图时间29日首飞直播;;;波音737MAX计划于西雅图时间1月29日上午十点，也就是北京时间1月30日凌晨两点，首飞。并且在线直播

[attach]152[/attach]

[url=http://www.boeing.com/commercial/737max/first-flight/]直播地址[/url]

|||
2016-01-28 06:49:22;;;如何快速心算heading对面的角度;;;现在30度的对面角度是多少？
[attach]153[/attach]
正常的运算是30+180=210度

心算公式30[b]+200[/b]=230[b]-20[/b]=210度

容易多了吧

在看个例子，230度对面是多少度？

230[b]-200[/b]=30[b]+20[/b]=50度

+200然后-20
或者
-200然后+20

容易吧




|||
2016-01-30 01:57:33;;;737MAX于今日在西雅图BFI首飞成功;;;[attach]154[/attach]
737MAX于今日在西雅图BFI首飞成功。今日西雅图是个阴雨天，但不妨碍首飞。开一看到，737MAX的驾驶舱电子化程度的提高
|||
2016-11-19 04:40:08;;;川普的私人飞机大侧风降落洛杉矶机场;;;[attach]281[/attach][attach]282[/attach][attach]280[/attach][attach]283[/attach]
|||
2016-10-16 02:15:14;;;东航777-300;;;[attach]279[/attach]
|||
2016-04-24 05:50:31;;;EZPushback开源X-Plane 10插件;;;想学习X-Plane 10插件的开发，先把EZPushback的代码看懂
[url=https://github.com/thePuffyPuff/EZPushback/blob/master/src/ezpushback.c]https://github.com/thePuffyPuff/EZPushback/blob/master/src/ezpushback.c[/url]
|||
2016-04-24 10:07:37;;;Saab340停车完毕;;;[attach]261[/attach]
|||
2016-05-02 23:25:21;;;X-Plane DataRefEditor;;;[i=s] 本帖最后由 xgirl 于 2016-5-3 07:26 编辑 [/i]

DataRefEditor是修改X-Plane物理模型参数的实验工具，当你想修改DataRef，不妨先用这个工具测试一下

回复既可以下载
[hide]
[attach]262[/attach]
[/hide]
|||
2016-05-03 03:43:16;;;X-Plane 10 Aircraft Coordinates飞机坐标系;;;[i=s] 本帖最后由 rourou 于 2016-5-3 11:45 编辑 [/i]

[attach]263[/attach]
X-Plane 10飞机坐标系XYZ，如图所示。

坐标系原点就是默认的CG，重心
|||
2016-05-16 01:58:27;;;XPlane2Blender 3.3.10;;;[i=s] 本帖最后由 xgirl 于 2016-5-17 10:14 编辑 [/i]

XPlane2Blender 3.3.10 is released! download link
[url=https://github.com/der-On/XPlane2Blender/archive/v3.3.10.zip]https://github.com/der-On/XPlane2Blender/archive/v3.3.10.zip[/url]

for Blender Windows Version, Blender Addon installation patch as below
[attach]264[/attach]
after copy XPlane2Blender to addon folder, you have to enable the addon firstly, in Blender User Preference

[attach]265[/attach]

remember to save your settings, and restart Blender
[b]Some tips for you when you play with XPlane2Blender[/b]

[b]Scale=1.0[/b]

[attach]266[/attach]


after you scaled objects with key 'S', you scales parameters will be changed, which is other than 1.0

you should use 'Ctrl+A' to reset your scale parameter to 1.0, because XPlane2Blender only works fine with scale=1.0
[b]Metric[/b]

I recommend you to use metric
[attach]267[/attach]

Blender 3D view, a grid is 1 meter, and Xplane OBJ8 distance is in meter as well. it is easier for you to measure the object or distance.

but one thing I found is Blender 1 meter is not perfectly equal to XPlane 10 OBJ meter. I will investigate it further
[b]Bake Animation[/b]

please always bake animation, which makes easier to delete bones dependency

[attach]268[/attach]
[b]
Insert Keyframes[/b]

use Animation to create location and rotation animation



|||
2016-05-29 03:00:38;;;旧金山的空客A320;;;[attach]269[/attach]
|||
2016-05-29 03:03:21;;;离开湾区的空客A320;;;[attach]270[/attach]
|||
2016-05-29 03:06:30;;;离开旧金山飞向盐湖城;;;[attach]271[/attach]
|||
2016-07-13 13:41:27;;;波音757空中美男子;;;[attach]272[/attach]
|||
2016-07-13 13:44:39;;;复飞的波音757;;;[attach]273[/attach]
|||
2016-07-13 13:45:25;;;波音757夜航;;;[attach]274[/attach]
|||
2016-07-13 14:00:31;;;saab340;;;[attach]275[/attach]
|||
2016-07-13 14:03:46;;;停机坪上的757;;;[attach]276[/attach]
|||
2016-07-17 09:26:10;;;Saab340仪表;;;[attach]277[/attach]
|||
2016-07-17 09:59:07;;;停机坪上的340;;;[attach]278[/attach]
|||
2016-08-13 11:49:12;;;灯饰行业的一批黑马--泰工照明灯饰;;;　　你还在为投资创业找不到方向发愁吗？你还在为前期投入大量精力感到头疼吗？你还想成为早已是饱和状态，发展前景岌岌可危，大众口味很难全面满足的一名食品加盟商吗？如果你想成为数量有限的那几个年轻成功人士中的一员，你接下来的每个选择都应该像泰工照明灯饰加盟商刘宇这样经过理性分析后决定。

　　刘宇刚毕业的时候，在创业初期愁于创业的选择，经过他一番思索后，他毅然决然选择作泰工照明灯饰的一名加盟商。刘宇说，泰工照明灯饰不但产品丰富，而且它独有的优势和卖点是适合在这个社会、市场长久发展下去的。泰工照明灯饰经过多年的发展，灯饰领域经验丰富，绝对是一家专业的灯饰企业，现如今，泰工照明灯饰的盈利模式多样、先进，广阔的市场，让每个了解过泰工照明灯饰的人都忍不住大干一番，贴心的技术服务，让每个加盟商都感受到了泰工照明灯饰总部专业的水平以及对加盟商的大力支持。

　　泰工照明灯饰先进的生产技术，超前的设计款式，绝佳的质量保证，都让泰工照明灯饰能够成为行业一匹黑马。泰工照明灯饰独有的先进产品，高品质低价格的优势，让泰工照明灯饰能够快速占领灯饰市场，让每个泰工照明灯饰的加盟商都可以得到很高的利润回报。泰工照明灯饰全新的管理模式，让每个加盟商都零压力，低风险，高回报轻松赚钱。每个加盟商都不用担心自己没有经营的能力，因为泰工照明灯饰拥有多为营销领域的专业导师，他们会给泰工照明灯饰加盟商最全面，最专业的指导，让每个加盟商都可以轻松应对复杂的市场，让泰工照明灯饰加盟商无忧赚钱。

　　除此之外，泰工照明灯饰加盟商收到的商品都是由厂家直接供货，免去中间被供货商赚差价，这也就是说泰工照明灯饰加盟商得到了很大的利润空间。泰工照明灯饰特为高端客户提供专业的照明方案，高端定制型服务，让每个客户享受不一样的幸福，让泰工照明灯饰加盟商的利润点更高。泰工照明灯饰提供的是一站式服务，选择泰工照明，也就选择的安心，超大量的照明工程，为泰工照明灯饰加盟商带来丰厚的利润。最具诱人的合同能源管理模式，让每个泰工照明灯饰加盟商不用费心，坐等收钱。

　　诸多优点，谁敢否认泰工照明灯饰不是灯饰行业的一匹黑马。致富不是梦，跟对队伍才重要，选择和黑马一同驰骋在广阔的草原上，你才有机会吃到最鲜美的青草。
|||
2016-02-06 00:10:22;;;驾驶舱里带你飞空客A320;;;[flash]http://player.youku.com/player.php/sid/XMTQ2NjE2OTkyNA==/v.swf[/flash]|||
2016-02-06 00:13:22;;;在新西兰航空777驾驶舱里看飞机是如何降落的;;;[flash]http://player.youku.com/player.php/sid/XMTQ2NjI0MDI2MA==/v.swf[/flash]

|||
2017-02-10 07:37:37;;;飞机跟拍的罕见高空视频;;;[media=x,500,375]http://us.sinaimg.cn/003RhyTVjx078n6FLdu0010401000VjR0k01.mp4[/media]
|||
2017-02-11 01:44:03;;;FF波音777 193版本在X-Plane 11的效果碉堡了;;;[attach]299[/attach]
|||
2017-02-11 01:45:22;;;X-Plane 11西雅图中午阳光效果太碉了;;;[attach]300[/attach]
|||
2017-02-11 01:55:09;;;X-Plane 11 pb9安装程序下载和安装方法;;;[attach]302[/attach]

[size=6][color=Blue]安装方法[/color][/size]

解压以管理员运行X-Plane 11 Installer.exe，PB9还不支持中文安装界面，点击set language按钮
[attach]303[/attach]

安装继续 ，在线安装需要下载8GB空间

[attach]305[/attach]
|||
2017-02-11 02:06:37;;;Flightfactor Boeing 777 1.93兼容X-Plane 11 pb9;;;[attach]306[/attach]
|||
2017-02-16 23:19:08;;;JAR Design A320 NEO 3.0 beta 2 for X-Plane 11已经发布;;;[attach]307[/attach][attach]308[/attach]
下载地址


[url=http://jardesign.org/a320/download/install/JD320XP11.zip]JAR Design A320 NEO 3.0 beta 2[/url]


|||
2017-02-16 23:37:57;;;X-Plane 11 pb11已经发布;;;X-Plane 11 pb11 公测已经发布，直接在线更新即可。不过听说FPS比较以前版本有所倒退
|||
2017-02-22 14:21:41;;;X-Plane 11到底需要什么的硬件配置;;;[size=6][color=#0000ff]X-Plane 11在图形设置是High时，对硬件的敏感度对比[/color][/size][size=6][color=#0000ff]
[/color][/size][attach]309[/attach]
一幅图，可以看到X-Plane 11对CPU更加敏感，但是这个X-Plane11设置是high
对于显卡，GTX1070和GTX1080并无什么区别。
[color=#00ff][size=6]
[/size][/color]
[size=6][color=#0000ff]X-Plane 11在图形设置是Extreme时，对硬件的敏感度对比[/color][/size]
[size=6][color=#00ff00]
[/color][/size]当设置extreme设置时，对显卡的性能还是有区别的。这里列出了NVIDIA的显卡：

[list]
[*]GTX1080
[*]GTX1070
[*]GTX 1060
[*]GTX1050Ti
[/list][hide]
[attach]310[/attach]
[/hide]





|||
2017-03-13 00:30:32;;;X-Plane 11 PB15已经发布;;;
X-Plane 11 PB15已经发布。PB15的发布时PB14的一个快速修正。从X-Plane 11 PB14开始，已经加入新的云效果，可以说是X-Plane历史上，X-Plane团队第一次在云上下功夫
|||
2017-03-27 09:23:48;;;FJS波音727最近更新支持X-Plane 11;;;FJS波音727最近更新支持X-Plane 11波音727更新到版本2.1703.1050

|||
2017-03-30 05:04:23;;;X-Plane 11 60美金含X-Plane 10最后的购买机会;;;60美金买X-Plane 11 送X-Plane 10最后的购买机会，因为X-Plane 11 RC1今天已经发布。也就是说，X-Plane 11正式版本马上就要放出。那么一旦发布，不敢保证60美金还能包含正版X-Plane 10。
因为你去看X-plane.com的官方说明，是说目前X-Plane 11还在Beta，由于各种不稳定，所以送你X-Plane 10。
因此抓紧时间，机不可失，失不再来。

|||
2016-04-24 01:17:39;;;X-Plane 10从此有了商业版的IXEG波音737;;;2016年4月 IXEG团队在X-Aviation开始正式发售Boeing 737-300，售价在
[attach]260[/attach]

[url=http://www.x-aviation.com/catalog/product_info.php/take-command-ixeg-737-classic-p-122]http://www.x-aviation.com/catalog/product_info.php/take-command-ixeg-737-classic-p-122[/url]

目前售价在75美金，这个价格还是偏高的，但既然IXEG有信心给出这个价格，想必东西一定很好

|||
2017-02-02 05:54:07;;;X-Plane 11安装方法和下载地址;;;
[url=http://www.x-plane.com/desktop/try-it/]X-Plane 11下载地址页面[/url]
[url=http://www.x-plane.com/desktop/try-it/thanks/?downloadNow=true&os=Windows&download_url=%2Fupdate%2Finstallers11%2FX-Plane11InstallerWindows.zip]X-Plane 11 Windows版下载地址[/url]


|||
2017-02-02 06:00:31;;;Embraer E195 v2 by X-Crafts;;;[url=http://store.x-plane.org/Embraer-E-175-v2_p_515.html]Embraer E195购买地址[/url]

售价为40美金[attach]296[/attach]

|||
2017-02-04 14:07:55;;;X-Plane 11的硬件要求什么配置;;;根据X-Plane 11pb9用户的最新测试结果

[color=Blue]Intel 6700k + GTX 1080可以跑到40帧无压力[/color]

都知道X-Plane是一个对单核CPU性能较高的游戏，那么Intel 6700K的单核性能是一个什么档次？
CPU性能统计数据（2017年2月4日更新）来自
[url=https://www.cpubenchmark.net/singleThread.html]https://www.cpubenchmark.net/singleThread.html[/url]
[attach]297[/attach]
|||
2017-02-08 15:20:36;;;非常好的PPT教程关于如何进行ATC沟通;;;最主要是这个塔台沟通教程很简单，明了
[attach]298[/attach]

|||
2017-01-26 07:46:00;;;一个真正的飞行员对X-Plane的评价;;;
swimbody

Posted August 30, 2016 ・ Report post
I've recently installed 10.50.  Unreal.  Why look forward already?  I uninstalled all the Microsoft ###### on my computer, freed up 190GB and am never looking back at anything that has Prepar3d in the title or MSFS.  XPlane is simply the most realistic sim I've ever used.  I have around 10k hours in real airplane time and this has become a nice way to stay in the seat as a hobby since its no longer a "job".  I'm beyond impressed with how some of the FMS's software is so real and so accurate.  Jardesign's XLife is also a great addon.  Lots of work was put into that program and it shows.  

|||
2017-01-23 14:18:55;;;空客Airbus A320 NEO普惠发动机 旧金山飞洛杉矶;;;[flash]http://cdn.aixifan.com/player/ACFlashPlayer.out.swf?vid=4781561&ref=http://www.acfun.cn/v/ac3422498[/flash]
|||
2017-01-25 06:03:10;;;同样是Jardesign A320 neo, X-Plane 10和X-Plane 11效果差距怎么就这...;;;[attach]291[/attach][attach]290[/attach]|||
2017-01-26 05:07:18;;;2017模拟飞行大比拼P3D v3和X-Plane 11哪个好;;;[flash]http://cdn.aixifan.com/player/ACFlashPlayer.out.swf?vid=4788935&ref=http://www.acfun.cn/v/ac3427192[/flash]
|||
2017-01-26 06:53:15;;;Flightfactor Boeing 777 v1.91已经发布;;;Flightfactor Boeing 777 v1.91已经发布

[attach]292[/attach]


原作者的说了在X-Plane 11正在public beta阶段的大背景下，FF Boeing 777会分两步走：
1. 首先将777搬到X-Plane 11上， 解决一些基础兼容性问题
2. 一个完整的FF Boeing 777 XP11升级版

所以看来第一步已经走了，就是v1.91的发布
|||
2017-01-28 06:56:37;;;X-Plane 11.00 Public Beta 9已经发布;;;无论是X-Plane 11的 demo客户，还是付费客户都赶紧升级了

X-Plane 11 pb8对帧数的优化是有目共睹的。 PB9说是针对 AMD的用户，在 openGL上，对字体有很多速度优化
|||
2017-01-28 07:33:02;;;Flightfactor Boeing 777 v1.9.2已经发布;;; FF boeing 777 1.9.2可以说是个快速小修补
|||
2017-02-02 04:59:20;;;f-act,f-sim,frame,cpu,gpu,grnd,flit得知X-Plane硬件瓶颈;;;[attach]294[/attach]
注意这里的CPU,GPU两个测量量
cpu 0.058
gpu 0.041
单位是秒。
也就是说画每一帧的时候，cpu耗时更长，也就是说我们系统里，CPU是瓶颈。需要增加CPU频率
[attach]295[/attach]
|||
2017-01-08 09:46:38;;;运12F飞机获CAAC型号合格证;;;[attach]288[/attach]
2015年12月12日，由中国航空工业集团公司(中航工业)自主研制的新一代先进涡桨通用支线飞机运-12F获得由中国民用航空局颁发的型号合格证。

|||
2017-01-08 09:51:45;;;运12F起飞靓照;;;[attach]289[/attach]
运12F起飞靓照

|||
2017-01-21 23:12:17;;;JARDesign关于X-Plane 11的声明;;;[b]X-Plane 11产品政策[/b]
[attach]293[/attach]

亲爱的JARDesign客户！

由于即将发布的2016年10月发布的新型X-Plane 11模拟器，我们想告诉您关于使用和更新X-Plane 11的JARDesign产品的政策，如下：

客户谁在新的X-Plane 11模拟器演示活动（2016年10月及以后）购买A320neo / A330飞机后，在发布用于X-Plane 11的新版本A320neo / A330的情况下，使用新版本，[b]无需额外费用[/b]。为此，我们将更改旧的串行密钥，或者客户将能够使用现有的串行密钥激活产品。如何做，我们将在以后出版。

在2016年10月之前购买了X-Plane 10的A320neo / A330的客户将能够在X-Plane 11中使用新版本，[b]并额外付费***[/b]。我们将在X-Plane 11发布后发布更多关于此的详细信息。

的X生活，地面操作，FMCar和拖轮船长客户在新版本发布的情况下，X飞机11，将可以使用新版本[b]在不增加成本[/b]，并且可以使用现有的串行键激活产品（ s）。

我们感谢您的理解和忠诚。我们将继续竭尽全力为您带来更多使用我们产品的满意度。

[b]***注：[/b]什么意思是“将能够使用新版本在X平面11与一些额外费用”？它的意义如下：
a）关于A320 / 330的现有版本：如果您当前的版本A320 / 330为X-Plane 10将在XP11下正常工作，所以你可以激活和使用XP10或XP11（因为你喜欢）。在这种情况下，应该考虑到使XP10飞机兼容新的XP11是层流研究任务。
b）关于A320 / 330的新版本（或更新），特别是对于XP11：我们将使用A320 / 330进行一些调整工作，以确保它们将与XP11完全兼容（但是现在，我们不知道所需的调整量），当然下一步是使用新的XP11酷功能，所以我们将覆盖这些以及在X-Plane 11的新版本的准备。所以你“将能够使用新版本X平面11带有一些额外的电荷“。
|||
2016-02-15 20:07:42;;;через хамелеон;;;[b]зеркало вконтакте без ограничений[/b] 
Когда в офисе у вас закрыли доступ к популярным соц сетям одноклассники, вконтакте, мой мир, я вам настоятельно советую посетить сайт Доступ Есть [url=http://www.dostupest.ru/]хамелеон вконтакте[/url]. Прокси сервис работает хорошо, работает видео, музыка и суть дела работают игры, этого нету в подобных ресурсах. Придется заплотить за неделю использования само собой не безплатно, только это приемлемая стоимость за такой доброкачественный доступ к соц сетям, который спасает от разного родо гемероя воровства паролей, полученя троянцев и прочего ненужного спам продукта [url=http://www.dostupest.ru/]доступ в одноклассники[/url]. 
Доступ через веб прокси работает хорошо и себя зарекомендовал, вдруг надежного партнера которому дозволено доверить вою информацию. 
Удачи вам, не используйте бесплатного доступа будете желать! 
Все получится, все будет работать [url=http://www.dostupest.ru/]одноклассники через зеркало[/url] 
Дополнительные материалы по социальным сетям можно узнать тут: [url=http://www.dostupest.ru/]доступ вк[/url] 
http://dostupest.ru/vkont/ 
Вот пять новых ссылок для доступа в социальные сети: 
 
[b]Зеркало Вконтакте:[/b] 
[url=http://faramond.ru/1]http://faramond.ru/1[/url]
[url=http://soldens.ru/1]http://soldens.ru/1[/url]
[url=http://fastbuh.ru/2]http://fastbuh.ru/2[/url]
[url=http://kersut.ru/1]http://kersut.ru/1[/url]
[url=http://serqus.ru/2]http://serqus.ru/2[/url]
 
[b]Вход Однокласснкики:[/b] 
[url=http://soldens.ru/1]http://soldens.ru/1[/url]
[url=http://obhodka.ru/1]http://obhodka.ru/1[/url]
[url=http://fantomik.ru/1]http://fantomik.ru/1[/url]
[url=http://recker.ru/3]http://recker.ru/3[/url]
[url=http://soldens.ru/1]http://soldens.ru/1[/url]
|||
2016-02-16 14:05:15;;;X-PLANE公司首席艺术家给AC3D软件很高的评价;;;[align=left][size=11.0pt]我的名字是Sergio Santagada。将近9年，我一直为X-PLANE飞行模拟器的首席艺术家。 [/size][/align][align=left][size=11.0pt][attach]155[/attach][/size][/align][align=left][size=11.0pt]我的X-PLANE中的作用是创造一切，这是在飞行模拟器“看得见”。这包括接口，全球化的世界风光，天空，天气效果，灯光效果，建筑，城镇，机场，码头，森林，林木，轮船，火车，汽车，桥梁，道路，当然，（作为一个飞行模拟器）飞机，直升机，驾驶舱和仪表等等......总之，我负责纹理和3D对象。 [/size][/align][align=left][size=11.0pt]
[/size][/align][align=left][size=11.0pt]我在Macintosh平台上工作，X-PLANE用纹理PNG格式（允许alpha混合），并有一个独特的3D对象格式。对于纹理，[/size][size=14.6667px]这些年来，[/size][size=11pt]我发现的Photoshop，虽然价格昂贵，是这个任务的最佳工具。[/size][/align][align=left][size=11.0pt]
[/size][/align][align=left][size=11.0pt]然而，我已经花了几年时间试图找到那些不是太昂贵，但很容易使用的3D建模工具，有一个短的学习曲线，可定制的，并完全记录，因此，这将是简单的为X-Plane对象格式创建的插件。 我试了几个Macintosh的3D应用程序。[/size][/align][align=left][size=11.0pt]
[/size][/align][align=left][size=11.0pt]一开始我用对象的设备，由Christian Franz为X-PLANE创建了一个简单的免费工具。经过三年左右的Christian停止升级软件，而X-Plane的3D文件格式后来发生了变化。 当我被困因此在开发3D对象，我开始研究一种新的3D应用程序，将满足我的需求\; [/size][/align][align=left][size=11.0pt]
[/size][/align][align=left][size=11.0pt]Lightwave：太贵了，我发现真的很难熟悉。这几乎是不可能的导入/导出到X-PLANE。[/size][/align][align=left][size=11.0pt]
[/size][/align][align=left][size=11.0pt]Cinema4D：是的，强大的，但是又过于昂贵，并用压倒性长的学习曲线。[/size][/align][align=left][size=11.0pt]
[/size][/align][align=left][size=11.0pt]Blender：嗯，是它是免费的，但如此神秘，我不得不试图了解它天后不能放弃它。我仍然能听到我的可怜的大脑的呻吟想弄明白那“可怕”的界面。[/size][/align][align=left][size=11.0pt]
[/size][/align][align=left][size=11.0pt]SketchUp的：使用方便，但完整的版本是仍然过于昂贵。此外，它几乎是不可能完美输出带纹理贴图的3D物体，对输出的多边形（一个游戏/模拟重要）的数量无法控制，不能满足我的需求。 [/size][/align][align=left][size=11.0pt]
[/size][/align][align=left][size=11.0pt]最后，就在两年前，我发现AC3D ：使用方便，价格便宜，适用于Mac / Windows和Linux，良好的界面，完全记录，可自定义和一个学习曲线，我可以在2天内确认我已经能够让几乎所有的。由于Ben Supnik的插件我可以打开通过双击打开X-PLANE的3D文件。 我很高兴与AC3D，我在与开发商取得联系，并发现AC3D不仅是一个伟大的应用程序，但背后都有伟大的人民。一个良好的工作关系，然后开始\; 我从来没有发现开发商这么客气，并愿意帮助我对我的巨大的X-PLANE的任务。 经过近2年的密集使用AC3D我可以证实，AC3D为任何游戏或模拟开发商最好的和明确的应用程序。[/size][/align]
|||
2016-12-23 00:03:08;;;波音757葡萄牙马德拉机场起飞后;;;[attach]285[/attach]
|||
2017-01-05 03:52:06;;;SSG更新Boeing 747-8 1.51版本;;;[i=s] 本帖最后由 xplane10 于 2017-1-5 11:56 编辑 [/i]

[attach]286[/attach]
[p=24, null, left][color=rgb(51, 51, 51)][font=Georgia,]与XP 10.5.1 +和XP11 pb3的兼容性[/font][/color][/p][p=24, null, left][color=rgb(51, 51, 51)][font=Georgia,]这个版本带来了与XP11最新的公共测试版，一些进一步的纹理改进，以及一些额外的功能和修复的兼容性。[/font][/color][/p][p=24, null, left][color=rgb(51, 51, 51)][font=Georgia,]建模和纹理：
改进驾驶舱纹理
改善外部纹理[/font][/color][/p][p=24, null, left][color=rgb(51, 51, 51)][font=Georgia,]系统：
实现对XP11正常工作必要的修改
自动油门现在工作即使自动驾驶仪不从事。
固定的问题，自动油门，当它被关闭，没有发布N1的完全控制权试点
攀登过程中更好的马赫速度管理
爬升过程中更好的VNAV SPD。[/font][/color][/p][p=24, null, left][color=rgb(51, 51, 51)][font=Georgia,]FMC和显示器：
修正了一个路线是完全的地方，有时会出现死机问题
燃料跳闸估计的计算是错误的很长的路线。现在固定。
修复了VNAV ALT状态，因为航路点高度限制导致无法激活速度干预的问题。
SID和STAR交叉口程序改进。
POS按钮现在在副驾驶的ND侧工作。
在ND地形显示改善
的ND偶尔奇怪的轨迹曲线固定
修正了一个问题，在LNAV很长的轨道。
当在腿上页航线的编辑并没有正确地插入纬度/经度航点的固定的问题，
这是多么- T / C和T / D不再显示为腿部PAGE航点（当然他们仍然可见ND曲目）它是在真正的飞机的FMC。
其他小错误修复[/font][/color][/p]
|||
2017-01-08 09:40:49;;;中航工业哈尔滨飞机工业集团有限责任公司Y12F;;;[attach]287[/attach]
李先哲，男，1966年出生，现任中航工业哈尔滨飞机工业集团有限责任公司副总工程师。他参与和主持设计的Y12系列飞机已成为我国民机适航水平最高、出口量最大、性能最稳定的飞机；在研的Y12F飞机为我国第一个拥有自主研发、自主知识产权的通勤类轻型飞机。多次作为首席专家，赴美、俄等国家参加国际合作项目；研究成果在第四届中俄气动年会上宣读，受到中外专家一致好评；他带领的Y12设计团队取得17项省、市、国家科研成果和3项国家专利；他推行“损伤容限”设计方法，在国内轻型飞机设计研发尚属首创；大胆采用计算流体力学应用与飞机总体气动布局优化，节约试验经费近400万元；实现Y12F整机成本下降260余万元。

|||
2016-02-19 14:06:34;;;嗨嗨，我又来了;;;:victory::hug:
|||
2016-02-19 16:07:54;;;OverlayEditor 2.5世上最好用的X-Plane地景编辑器;;;[i=s] 本帖最后由 xgirl 于 2016-2-20 00:09 编辑 [/i]

这是我目前发现的最好用的X-plane10 地景编辑器，实在太简单， 太好用了。[attach]165[/attach]

[url=http://forums.x-plane.org/index.php?app=downloads&showfile=726]http://forums.x-plane.org/index.php?app=downloads&showfile=726[/url]


有好几个版本，只是mac os, linux , windows。我的理解是这个工具完全不需要培训，实在太直观，稍微有点基础，肯定立即上手。


这个工具也个官方网站

[url=http://marginal.org.uk/x-planescenery/tools.html]http://marginal.org.uk/x-planescenery/tools.html[/url]

看来是个英国人写的，我看了一下下载下来的东西，是用python写成，跑题了。
|||
2016-02-19 16:49:50;;;发现一个用blender在X-Plane创建3D地景物理的例子;;;[i=s] 本帖最后由 rourou 于 2016-2-20 00:55 编辑 [/i]

[url=http://marginal.org.uk/x-planescenery/hangar_tutorial/index.html]http://marginal.org.uk/x-planescenery/hangar_tutorial/index.html[/url]

这个例子非常完整，甚至包括blender如何使用
|||
2016-02-20 03:08:03;;;小型飞行器（还是袖珍的）;;;:victory::handshake|||
2016-02-20 13:17:41;;;最值得购买的X-Plane插件飞机;;;X-Plane收费飞机插件中，本站列举出最值得花钱购买的正版插件，价格也就300元人民币左右，做一次火车的价格。本站选出他们为最佳插件飞机的原因在于，他们基本都实现了完整的FMC功能，并且有较完美的建模
选出你心中最值得买的的插件飞机吧！
|||
2016-02-20 14:17:11;;;X-Plane最好的免费地景列表;;;这些免费插件都可以在[url=http://forum.x-plane.org/]forum.x-plane.org[/url]
上下载。
选出你最爱的机场吧

|||
2016-02-20 14:45:57;;;Embraer E175 by X-Crafts不到240元人民币;;;X-Crafts组合的Embraer E175无论外观还是，3D座舱都达到非常高的水平，现在的售价是240元人民币

[font=微软雅黑][attach]168[/attach][/font][color=#000][size=14px][font=微软雅黑]
[/font][/size][/color]
[color=#000][size=14px][font=微软雅黑]Steve Wilson实现了真实版的FMC功能[/font][/size][/color]

[attach]169[/attach]
还有一点值得一提的，wing flex，就是飞机遇到气流时，机翼的抖动，是非常完美的
[attach]173[/attach]

[size=5][color=#0000ff]购买链接[/color][/size]
[url=http://store.x-plane.org/Embraer-E-175_p_437.html]http://store.x-plane.org/Embraer-E-175_p_437.html[/url]
关于驾驶舱我找了一个真实飞机的对比

下面的是模拟的
[attach]170[/attach]
下面是真实的
[attach]172[/attach]

[attach]171[/attach]





|||
2016-02-21 01:54:12;;;X-Plane地景终结者Ortho4XP;;;X-Plane它不仅是个游戏，是一个完整的引擎，还能用还测试飞机的气动性。最近才发现一个逆天的插件，而且是免费的。地景终结者Ortho4XP

[attach]174[/attach]
这是旧金山的地景

插件只有14MB，下载地址
[url=http://forums.x-plane.org/index.php?app=downloads&showfile=29120]http://forums.x-plane.org/index.php?app=downloads&showfile=29120[/url]

看一下它生产的地景的海岸线完美吧
[attach]175[/attach]

国外有网友说，Ortho4XP，第一次安装非常麻烦，因为要用到python3，但是对于出来的效果，是值得麻烦的

Ortho4XP的背后的真实功能有两个：
1. 生成地形的3D网格（地表）
2. 在地形上贴上照片级地表贴图

所以你可以看到Ortho4XP和[color=#333333][backcolor=rgb(242, 242, 242)][url=http://simflie.cn/thread-143-1-1.html]World2XPlane[/url][/backcolor][/color]其实并没人任何矛盾。因为World2XPlane是生产地表以上的东西，比如树木，房屋之类。

如果把这连个家伙联合在一起，那么X-Plane就几乎复制了一个地球

问题来了，Ortho4XP这么一个小工具，他怎么知道全地球的地形信息？

Ortho4XP是需要访问。。。又来了OpenStreetMap服务器的，那里会有全球的地形信息。
[url=https://www.openstreetmap.org/]https://www.openstreetmap.org/[/url]

|||
2016-02-21 06:30:38;;;发现一个收费的模拟飞行ATC 20美金每月;;;今天发现一个收费的ATC，针对模拟飞行的。每月收费20美金。
[img=215,69]http://www.pilotedge.net/assets/logo-c5ad135c4428e6f44bf909411a67f128.png[/img]
[url=http://www.pilotedge.net/]http://www.pilotedge.net/[/url]


同时兼容如下模拟飞行软件
Microsoft? Flight Simulator 2004, Flight Simulator X, Prepar3d, or X-Plane

我听了一下ATC，是非常专业的网站，花钱是有道理的

|||
2016-02-21 12:55:29;;;X-Plane必装免费地景World2XPlane;;;先闲话少说，直接看看World2XPlane能给你带来什么
[attach]176[/attach]
看见没有？
地面上多出了很多房子，森林，还是多了很多地表，比默认的X-Plane 10真实了很多。

World2XPlane官方网站
[url=http://world2xplane.com/]http://world2xplane.com/[/url]

如果安装呢？
[url=http://world2xplane.com/2014/03/12/quick-start-guide/]http://world2xplane.com/2014/03/12/quick-start-guide/[/url]

需要一提的是，World2XPlane依赖另外几个插件：
[list]
[*]RR
[*]FFLibrary
[*]R2_Library
[*][url=http://simflie.cn/forum.php?mod=viewthread&tid=144&fromuid=1/]OpenSceneryX[/url]
[/list]
上面的插件，只是提供3D物体
你还需要OpenStreetMap的数据，就是道路，建筑物的地理位置数据，这个数据包非常大
[url=http://download.geofabrik.de/]http://download.geofabrik.de/[/url]

然后World2XPlane是一个转换工具，将 3D物体+OpenStreetMap=地景数据
最终你需要的是地景数据

有个网站
[url=http://simheaven.com/]http://simheaven.com/[/url]
这里有最后的成品，地景数据。你就需要World2Xplane去转换

我终于把World2XPlane和SimHeaven的关系理解清楚了


|||
2016-02-21 13:49:15;;;X-Plane必装地景插件OpenSceneryX;;;OpenSceneryX是个X-Plane地景3D物体库，这样地景开发者，就可以不用花太多心思在创建3D物体，而只需要直接把OpenSceneryX的3D物体直接拿来用。
[url=http://www.opensceneryx.com/]http://www.opensceneryx.com/[/url]
下面的物体给你个印象


[attach]177[/attach]

|||
2016-12-23 00:00:36;;;X-Plane 10.51的自动地景生成效果;;;[attach]284[/attach]
|||
2016-02-25 03:03:53;;;请教怎样使用WED单独放置不同颜色的跑道灯;;;我正在使用WED创建一个新机场，遇到单独放置不同颜色的跑道灯的难题，比如在可以转弯处应该设置为绿色灯、在停机坪处应该为紫色灯，但是我不知道怎么单独放置这些灯，请高人指点指点。
|||
2016-02-28 11:19:09;;;JAR Design历时两年发布免费插件X-Life，飞行不再孤单;;;JAR Design花了两年多的时间开发的air traffic，并且它是免费的，飞行不再孤单，有电脑飞机陪你一起飞
[attach]179[/attach]

|||
2016-02-28 12:40:35;;;FlyWithLua 2.4.3;;;FlyWithLua 2.4.3已经放出
[attach]180[/attach]

[yun=http://pan.baidu.com/s/1bpkFs8B]378r[/yun]
|||
2016-02-29 18:16:22;;;через прокси;;;[b]хамелеон одноклассники[/b] 
Если на фирме у вас заблокировали доступ к популярным соц сетям одноклассники, вконтакте, мой мир, я вам рекомендую посетить сайт Доступ Есть [url=http://www.dostupest.ru/]зайти через[/url]. Прокси сервис работает хорошо, есть видео, музыка и суть дела работают игры, этого нету в подобных ресурсах. Придется заплотить за неделю использования само собой не безплатно, но это приемлемая цена за такой доброкачественный доступ к соц сетям, который спасает от разного родо гемероя воровства паролей, полученя троянцев и прочего ненужного спам продукта [url=http://www.dostupest.ru/]зайти в контакт через хамелеон[/url]. 
Доступ через веб прокси работает хорошо и себя зарекомендовал, как надежного партнера которому можно доверить вою информацию. 
Удачи вам, не используйте бесплатного доступа будете желать! 
Все получится, все будет работать [url=http://www.dostupest.ru/]анонимайзер вконтакте[/url] 
Дополнительные материалы по социальным сетям можно узнать тут: [url=http://www.dostupest.ru/]в контакте зеркало бесплатно[/url] 
http://dostupest.ru/anonimajzer-hameleon.html 
Вот пять новых ссылок для доступа в социальные сети: 
 
[b]Прокси Вконтакте:[/b] 
[url=http://fastbuh.ru/2]http://fastbuh.ru/2[/url]
[url=http://parakeds.ru/1]http://parakeds.ru/1[/url]
[url=http://fantomik.ru/1]http://fantomik.ru/1[/url]
[url=http://aradero.ru/1]http://aradero.ru/1[/url]
[url=http://vkdor.ru/2]http://vkdor.ru/2[/url]
 
[b]Прокси Однокласснкики:[/b] 
[url=http://soldens.ru/1]http://soldens.ru/1[/url]
[url=http://fastbuh.ru/2]http://fastbuh.ru/2[/url]
[url=http://kersut.ru/1]http://kersut.ru/1[/url]
[url=http://soldens.ru/1]http://soldens.ru/1[/url]
[url=http://vhodka.ru/1]http://vhodka.ru/1[/url]
|||
2016-03-01 05:24:14;;;NOAA weather2.2.1最真实免费X-Plane 10的实时天气插件;;;NOAA weather2.2.1最真实免费X-Plane 10的实时天气插件
[attach]186[/attach]
还没测试过，update to you later
|||
2016-03-01 05:38:14;;;螺旋桨飞机如何做超速调节器测试OSG (Over Speed Governor test);;;[attach]181[/attach]
[color=#000]The test should be done with engines running, and props unfeathered[/color]
[list]
[*][color=#000]engage OSG test switch [/color]
[/list][list]
[*][color=#000]Power Levers C FLIGHT IDLE[/color]
[*][color=#000]Condition Levers C MAX[/color]
[*][color=#000]Observe OSG TEST IN PROG advisory on the ED[/color]
[*][color=#000]Slowly advance POWER LEVERs until propeller speed stops increasing and “OSG[/color]
[/list][color=#000]TEST PASS” appears on ED[/color]
[color=#000000]
[/color][list]
[*][color=#000]POWER LEVER C FLIGHT IDLE[/color]
[*][color=#000]Release OSG test switch when PLA is at FLIGHT IDLE or below[/color]
[/list][color=#000][color=#000]
[/color]
NOTE: Do not advance POWER levers until OSG TEST IN PROG appears on ED. The[/color]
[color=#000]test is to be done completed within 60 seconds of OSG TEST IN PROG appearing[/color]
[color=#000]on ED.[/color]
[color=#000]
[/color]
[color=#000]NOTE: If the overspeed governor test is aborted, OSG TEST ABORT appears on the ED,[/color]
[color=#000]or overspeed governor test fails, OSG TEST FAIL appears on the ED, and [/color][size=13px]#1[/size][color=#000] PEC[/color]
[color=#000]or [/color][size=13px]#2[/size][color=#000] PEC caution light will turn on. A successful OSG test and PEC FAULT[/color]
[color=#000]CLEAR are required to turn PEC caution light off.[/color]


|||
2016-03-01 16:23:41;;;анонимайзер в контакте;;;[b]анонимайзер в контакте[/b] 
Отдельные компании блокируют для своих сотрудников доступ с рабочих мест к ?В Контакте?.  
[url=http://vk-zerkalo.ru/anonimaizer-vkontakte.html]бесплатный анонимайзер вконтакте[/url] Также ограничения на доступ вводились многими учебными заведениями России из-за наличия для сайте порнографических материалов, в распространении которых не однажды обвиняли администрацию сайта [url=http://vk-zerkalo.ru/]вконтакте добро пожаловать[/url]. Согласно данным управления ?К? МВД РФ большая часть детской порнографии Рунета, обнаруженной в 2009 году, находилась в социальной сети ?В Контакте?. Сообразно этой же причине рассматривается мочь закрытия доступа к ресурсу на всей территории Украины. Аккуратный директор ?Вконтакте? Лев Левиев объясняет такое количество порнографии для сайте немалым объёмом трафика соцсети. Также он заявил, что власть ресурса сотрудничает с правоохранительными органами сообразно данному вопросу, а в дальнейшем планирует ввести пользовательскую систему отслеживания и блокирования нелегального контента [url=http://vk-zerkalo.ru/]в контакте вход[/url]. 
 
[b]Зеркало Вконтакте:[/b] 
[url=http://fantomik.ru/1]http://fantomik.ru/1[/url]
[url=http://vkdor.ru/2]http://vkdor.ru/2[/url]
[url=http://forfolks.ru/1]http://forfolks.ru/1[/url]
[url=http://soldens.ru/1]http://soldens.ru/1[/url]
[url=http://fantomik.ru/1]http://fantomik.ru/1[/url]
 
[b]Зеркало Однокласснкики:[/b] 
[url=http://arendadorogo.ru/2]http://arendadorogo.ru/2[/url]
[url=http://fareko.ru/3]http://fareko.ru/3[/url]
[url=http://sharick.ru/2]http://sharick.ru/2[/url]
[url=http://faramond.ru/1]http://faramond.ru/1[/url]
[url=http://soldens.ru/1]http://soldens.ru/1[/url]
|||
2016-03-02 05:35:08;;;ADSCB将是飞机在未来必须安装的设备;;;[font=微软雅黑][size=3]ADSCB(Automatic Dependent Surveillance C Broadcast)[color=#545454]广播式自动相关监视[/color][/size][/font]
[attach]182[/attach]
|||
2016-03-02 12:23:38;;;X-Plane10飞机涂装暂时还不支持反光贴图;;;经过查证，X-Plane10飞机涂装，暂时还不支持反光贴图。如果你需要放过贴图，目前的方法是需要开发插件。因为反光效果其实是动画，不是贴图
|||
2016-03-03 06:40:15;;;SASL X-Plane最受欢迎的二次开发工具;;;SASL让不会编程的人，可以动手改造自己的X-Plane，同时也是是商业插件飞机常用的二次开发工具
[attach]184[/attach]
Lua programming

SASL is known to conflict with Gizmo
|||
2016-03-03 08:29:46;;;DataRefEditor X-Plane必装开发插件;;;[attach]185[/attach]
|||
2016-03-03 12:37:58;;;X-CSL联网飞行VATSIM通用飞机模型;;;X-CSL官网上并没有说自己支持VATSIM，但实际他和XSquawkBox兼容的很好
[attach]183[/attach]
这里有个教程如何安装X-CSL和XSquawkBox
[url=http://x-airways.ru/va/modules/newbb/viewtopic.php?topic_id=454&lang=english]http://x-airways.ru/va/modules/n ... id=454&lang=english[/url]



|||
2016-03-03 12:54:19;;;VATSIM 100% X-Plane机队的加州航空;;;官方网址

[url=http://www.californiaair.net/]http://www.californiaair.net/[/url]
|||
2016-03-04 13:14:01;;;Airspace空域分类的快速记忆法;;;6种空域如何记忆
A (Always Above and Across the US, Absolute Control)
B (Busiest and Biggest Airports)
C (Communicate, Comply, Mode-C)
D (Double-Duty, Designation changes)
E (Everything else where there is control)
G (Ground hopping my way!)
[attach]187[/attach]

|||
2016-03-07 01:41:18;;;X-Plane 10.45于2016年2月放出;;;X-Plane 10.45最新的版本的特色,增加了很多新机场
[attach]188[/attach]
|||
2016-03-07 05:01:12;;;KSFO-KSAN旧金山飞圣地亚哥;;;为了达到最佳的飞行视觉效果，需要下载 HD Mesh

[url=http://mirror-eu.aerosoft.com/hd_mesh/index.php]http://mirror-eu.aerosoft.com/hd_mesh/index.php[/url]
[attach]189[/attach]

KSFO 28R起飞，调头向南爬升
[attach]193[/attach]
感觉地景还挺美的
[attach]194[/attach]
美丽的海岸线，以及蓝色的太平洋
[attach]195[/attach]
继续
[attach]196[/attach]
飞过洛杉矶
[attach]197[/attach]

[attach]198[/attach]
|||
2016-03-07 12:51:26;;;美国圣地亚哥机场拍摄到绝密垂直起落飞机;;;[flash]http://player.youku.com/player.php/sid/XMTQ5Mjk4MjQyMA==/v.swf[/flash]
|||
2016-03-07 19:53:22;;;анонимайзер входила;;;[b]зайти в контакт через анонимайзер[/b] 
Когда в офисе у вас заблокировали доступ к популярным соц сетям одноклассники, вконтакте, мой мир, я вам настоятельно советую посетить сайт Доступ Есть [url=http://www.dostupest.ru/]как зайти в контакт если он заблокирован[/url]. Прокси сервис работает хорошо, работает видео, музыка и суть дела работают игры, этого нету в подобных ресурсах. Придется заплотить за неделю использования само собой не безплатно, но это приемлемая цена за такой доброкачественный доступ к соц сетям, который спасает от разного родо гемероя воровства паролей, полученя троянцев и прочего ненужного спам продукта [url=http://www.dostupest.ru/]хамелеон вконтакте бесплатно[/url]. 
Доступ через веб прокси работает хорошо и себя зарекомендовал, вдруг надежного партнера которому позволительно доверить вою информацию. 
Удачи вам, не используйте бесплатного доступа будете желать! 
Все получится, все будет работать [url=http://www.dostupest.ru/]как зайти через зеркало[/url] 
Дополнительные материалы по социальным сетям можно узнать тут: [url=http://www.dostupest.ru/]зеркало вконтакте[/url] 
http://dostupest.ru/anonimajzer-odnoklassniki.html 
Вот пять новых ссылок ради доступа в социальные сети: 
 
[b]Анонимайзер Вконтакте:[/b] 
[url=http://parakeds.ru/1]http://parakeds.ru/1[/url]
[url=http://forfolks.ru/1]http://forfolks.ru/1[/url]
[url=http://serqus.ru/2]http://serqus.ru/2[/url]
[url=http://sdamnedorogo.ru/1]http://sdamnedorogo.ru/1[/url]
[url=http://sdamnedorogo.ru/1]http://sdamnedorogo.ru/1[/url]
 
[b]Зеркало Однокласснкики:[/b] 
[url=http://fastbuh.ru/2]http://fastbuh.ru/2[/url]
[url=http://soldens.ru/1]http://soldens.ru/1[/url]
[url=http://vhodka.ru/1]http://vhodka.ru/1[/url]
[url=http://sharick.ru/2]http://sharick.ru/2[/url]
[url=http://soldens.ru/1]http://soldens.ru/1[/url]
|||
2016-03-08 00:16:10;;;Хочу изменить мужу;;;Помогите замужней! 
Ищу траха на 2-3 раза,а может и больше 
Я НЕВЕРНАЯ ЖЕНА, и стесняться мне нечего. В любое время суток я готова к разврату по телефону и не только! 
 
Мой номер +7(809)5051240 
P.S. Муж в курсе!|||
2016-03-08 13:32:55;;;X-Plane 10的汉化工作;;;X-Plane 10官方暂时没有中文的支持，Austin本人的态度对多语言支持也不是很上心，并在官方博客，声称让贡献者不要花太多心思在上面。打开自己X-Plane 10的安装目录

X-Plane 10\\Resources\\text

这里每种语言是一个.txt文件，文件大小小于1M，你看看你能做什么？
[attach]190[/attach]

|||
2016-03-08 13:49:06;;;X-Plane地景终结者Ortho4XP简单测试;;;X-Plane的岛屿默认地景+48-6[attach]205[/attach]
机场LFEC
[attach]191[/attach]
用Ortho4XP生成的地景
[attach]192[/attach]

刚刚用，这个工具有很多参数可以调整，我用默认参数生成的很粗糙的地景，速度快点，文件会小点。
仔细看发现岛屿和水的边界，ortho4XP处理的更自然，至于地面的贴图是可以细调整的

今天用World2Xplane转换出overlay层的建筑物和树木，让整个岛屿立体了起来

[attach]199[/attach]
把地皮清晰度调整到最高ZL19

[attach]201[/attach]
[attach]202[/attach]
再一看比X-Plane默认地景要没上成百上千倍了吧。尤其是大陆和海洋的交界处，自然而美丽

|||
2016-03-16 09:42:04;;;世界十大最危险机场的研究KSAN和KEGE;;;[i=s] 本帖最后由 rourou 于 2016-3-16 18:19 编辑 [/i]

最近在研究世界十大最危险机场，美国的两个机场入围：KSAN和KEGE

KSAN
圣地亚哥国内机场，看一下它的进近图
[attach]203[/attach]
那A320最为例子，进近速度通常为150节左右。计算了一下，在最后的5海里，高度为2000英尺，只有2分钟的下降时间。下降率是1000ft/min。这个下降率有点刺激哈
其实这还不算刺激的，在看看
KEGE
[attach]204[/attach]
最后阶段的下降率是2000ft/min。


就不考虑天气和地形，这个两个机场就够刺激了
|||
2016-03-21 02:35:22;;;GeoTIFF和JPEG2000包含经纬度的图片;;;昨天在学习用WorldEditor
想到需要一个照片级图片做背景参照
发现WorldEditor只支持GeoTIFF的图片
而我去USGU拿到的图片是JPEG2000格式

[size=5]经纬度坐标的转换[/size]
[color=#ff0000]113.211°[/color]

0.211x60=12.66

[color=#ff0000]113.211°=113°12.66'[/color]

0.66x60=39.6

[color=#ff0000]113.211°=113°12'39.6"[/color]

|||
2016-03-22 02:56:49;;;如何下载google带地理坐标信息的卫星地图;;;我们常需要在WED中，用带地理坐标的图片，来帮助我们定位

[url=http://www.allallsoft.com/gsmd/index.html]Google Satellite MapsDownloader[/url]
|||
2016-03-22 04:53:28;;;XPlane地景的目录和文件结构;;;[attach]206[/attach]
X-Plane 10 地景由4种文件组成：
[list]
[*]地景片文件.DSF，如上图，描述一个经纬度片的信息
[*]美工类文件.OBJ, .PNG, DDS等
[*]机场数据文件apt.dat
[*]库文件列表library.txt
[/list]
[size=6][color=#ff0000]其中.DSF文件时重中之重：[/color][/size]
它的命名和目录有规定

My Super Scenery       Earth nav data      
    +40-080         
      +42-072.dsf         
      +42-071.dsf

.dsf文件是按经纬度命名的，每1度一个文件。然而目录+40-080，可以最多放100个.dsf文件。


|||
2016-03-23 08:55:02;;;分享JAR Design A320 check list检查单;;;[i=s] 本帖最后由 xgirl 于 2016-3-28 11:07 编辑 [/i]

[attach]207[/attach]

[attach]214[/attach]

|||
2016-03-24 17:55:59;;;выдвижные корзины для шкафов размеры;;;Рада вас приветствовать!  
Вопрос жизни: Левый марш Мендельсона. Это о музыке?  
Как мой шеф говорит  ― Ваше политическое кредо?― Всегда!  
Очень нада! [url=http://furnitura.garderobemaster.ru/index.php?route=product/category&amp\;path=437_126_95 ]кухонный шкаф с мойкой [/url]  
Никто не знает где купить [url=http://furnitura.garderobemaster.ru/index.php?route=product/category&amp\;path=437_125_72 ]корзина для шкафа купе размеры [/url] |||
2016-03-25 06:32:52;;;机场滑行道的标记方法;;;
[attach]208[/attach]
|||
2016-03-25 06:44:35;;;一个例子让你看懂机场的所有标识;;;[attach]209[/attach]
|||
2016-03-25 13:03:22;;;наполнение для кухни;;;Приветствую Вас!  
Любовь - это когда не спрашивают, куда деваются деньги.  
Как там говорят -  Вода C только для работников института!.. Пей, Леха!  
Все обыскал [url=http://furnitura.garderobemaster.ru/index.php?route=product/category&amp\;path=490_500 ]ящики для белья в шкаф [/url]  
В кладовку [url=http://furnitura.garderobemaster.ru/index.php?route=product/category&amp\;path=437 ]выдвижной ящик для бутылок [/url] |||
2016-03-25 22:16:16;;;фурнитура для кухни;;;Мое почтение!  
Коротко: Хранилище было отделено от офиса стеклянной дверью и вот, уже выключив свет, я заметил за ней слабый огонёк, как от свечи.  
Как у нас на работе говорят  А почему я?! Как что, так сразу Косой, Косой…  
Ищу в Питере [url=http://furnitura.garderobemaster.ru/index.php?route=information/information&amp\;information_id=50 ]выдвижная полка для обуви [/url]  
Почем [url=http://furnitura.garderobemaster.ru/index.php?route=product/category&amp\;path=437_123_198 ]вешалка для одежды настенная [/url] |||
2016-03-26 19:38:43;;;шкафы купе схемы фото;;;Разрешите вас приветствовать!  
Чисто прибранная квартира - признак неисправного компьютера.  
Как моя мама говорит  Вернись, я все прощу!  
Где достать [url=http://furnitura.garderobemaster.ru/index.php?route=product/category&amp\;path=437_124_478 ]расположение полок в шкафах купе [/url]  
Помогите найти [url=http://dvery.garderobemaster.ru/index.php?route=product/product&path=378&product_id=6325 ]двери в шкаф купе минск [/url] |||
2016-03-27 12:06:50;;;выдвижное мусорное ведро;;;Рада вас приветствовать!  
Женская народная мудрость: чего не помню, того и не было.  
Мне вчера сказали -  Этот ваш опекун C такая сво… Простите, у нас в Бразилии все знатные женщины так ругаются!  
Нужны [url=http://furnitura.garderobemaster.ru/index.php?route=product/category&amp\;path=437_125_78 ]шкаф купе на заказ цена [/url]  
Помогите найти [url=http://dvery.garderobemaster.ru/index.php?route=information/information&information_id=76 ]двери на шкаф купе фото [/url] |||
2016-03-27 12:54:50;;;圣地亚哥A320空客7号跑道降落;;;[attach]210[/attach]
|||
2016-03-27 13:21:01;;;JAR Design A320 niki涂装;;;GPU和APU在地面都有，可是只有GPU可以用
[attach]212[/attach]
|||
2016-03-28 09:20:46;;;飞机上除了脚踏可以控制航向，还有个东西叫手轮;;;[i=s] 本帖最后由 xgirl 于 2016-3-28 17:24 编辑 [/i]

飞机上除了脚踏可以控制航向，还有个东西叫手轮。一下图空客为例，手轮，在操纵杆的左侧。
[attach]215[/attach]

在滑行速度低于40节时，脚踏是没有用的，所以都是用手轮操作。这点在模拟飞行没有模拟，请大家注意
|||
2016-03-29 13:25:09;;;Saab 340美照;;;[i=s] 本帖最后由 rourou 于 2016-3-30 10:55 编辑 [/i]

有没有注意到挂在Saab340外面的警示带，随风摇摆
[attach]218[/attach]

[attach]219[/attach]

[attach]217[/attach]

[attach]216[/attach]
|||
2016-04-06 12:15:14;;;随便发两张图;;;:lol :lol :lol

[attach]220[/attach]

[attach]221[/attach]
|||
2016-04-10 03:16:20;;;FF Boeing 777 2016年升级到?v1.8.3;;;
|||
2016-04-10 03:18:47;;;购买SkyMaxx Pro的用户可以免费升级到 v3.1;;;[i=s] 本帖最后由 rourou 于 2016-4-10 11:22 编辑 [/i]

[attach]222[/attach]
|||
2016-04-10 03:29:36;;;Lua编程用插件gizmo64;;;[i=s] 本帖最后由 rourou 于 2016-4-10 11:37 编辑 [/i]

开发插件变得越来越简单，成功的案例是SAAB340
[attach]223[/attach]
|||
2016-04-10 09:39:18;;;SAAB 340美的让人窒息;;;[attach]224[/attach][attach]225[/attach][attach]226[/attach][attach]227[/attach][attach]228[/attach]
|||
2016-04-10 10:13:32;;;萨博340在洛杉矶被拍到;;;[attach]229[/attach][attach]230[/attach][attach]231[/attach][attach]232[/attach][attach]233[/attach][attach]234[/attach]
|||
2016-04-10 11:55:21;;;萨博340 X-Plane 10;;;[attach]235[/attach][attach]236[/attach][attach]237[/attach][attach]238[/attach]
|||
2016-04-10 12:31:10;;;Saab340美国旧金山降落;;;[attach]239[/attach][attach]241[/attach]
|||
2016-04-13 09:44:56;;;一幅图说明飞机的直流和交流电器系统;;;[attach]242[/attach]
其中invertor，是逆变器，把DC变AC，直流电转交流电

|||
2016-04-13 10:36:04;;;Saab340 AutoCoarsen and CTOT的功能说明;;;The AutoCoarsen system was designed into the aircraft per single-engine climb certification requirements. With the autocoarsen computer turned on for takeoff and landing (in event of go-around), should an engine failure occur, the airplane will automatically "coarsen" the pitch of the inoperative engine's propeller to a mimimum drag setting (not completely feathered).

The CTOT is a fancy little system to meter fuel during takeoff and during an autocoarsen event. Turboprops can be finicky about setting takeoff power due to "torque bloom" as the airplane accelerates. The CTOT, or Constant Torque on Takeoff, lets us undershoot the torque setting with the power levers and let the torque motor add addional fuel to command and contol a constant torque as set into the CTOT control panel. As an added bonus, the CTOT system also has an APR, or Automatic Power Reserve switch postition that, in the event of an autocoarsen, will boost the operating engine's power by 7% torque to provide the required performance for continued climb.

|||
2016-04-16 03:23:03;;;XPlane2Blender 3.3.7;;;[attach]246[/attach]

测试XPlane2Blender 3.3.7 + Blender2.75工作正常

[attach]247[/attach]

安装方法

解压将目录io_xplane2blender放到blender\\scripts\\addons
[attach]248[/attach]

展示一下我在X-Plane 10.45上的测试物体
[attach]249[/attach]
导入了一个人，和背后可以动的物体
|||
2016-04-22 03:03:26;;;вечерний макияж для зеленых глаз поэтапно;;;цвета для вечернего макияжа
|||
2016-04-22 13:25:56;;;Saab340高原山区飞行;;;[attach]250[/attach]远离了山区，安全多了
[attach]251[/attach]

|||
2016-04-22 13:28:19;;;飞机跑道和晚霞;;;[i=s] 本帖最后由 xgirl 于 2016-4-22 21:40 编辑 [/i]

[attach]252[/attach][attach]253[/attach][attach]257[/attach]|||
2016-04-22 13:29:46;;;从空中鸟瞰机场;;;[attach]254[/attach]
|||
2016-04-22 13:32:01;;;旧金山机场海上进近;;;[attach]255[/attach]
|||
2016-04-22 13:33:30;;;touch and go;;;[attach]256[/attach]
|||
2016-04-23 10:36:52;;;需要点阳光SAAB340在停机坪上;;;[attach]258[/attach]
|||
2016-04-23 10:39:48;;;EGNY英国的小机场草地上的saab340;;;[attach]259[/attach]
|||
2017-04-17 08:27:17;;;JARDesign A320 NEO 3.0 R6;;;
JARDesign A320 NEO 3.0 R6已经放出，为X-Plane 11而生，已经可以正常使用

[url=http://jardesign.org/a320/download/install/JD320XP11.zip]http://jardesign.org/a320/download/install/JD320XP11.zip[/url]
|||
2017-04-23 04:49:01;;;VATSIM联机插件XSquawkbox 1.3.2 2017年更新;;;[attach]311[/attach]
|||
2017-05-04 08:08:51;;;x737FMC V3.22兼容X-Plane11;;;x737FMC V3.22兼容X-Plane11，但是它并不是免费插件。需要20欧元，下面是购买页面
[url=http://ufmc.eadt.eu/Purchase]http://ufmc.eadt.eu/Purchase[/url]


|||
2017-05-08 09:58:19;;;如何更新X-Plane 11 A320导航数据;;;如果你需要更新你的导航数据,请使用Aerosoft/Navigraph――

“JARDesign a320/330 Native format”

并把新数据放在目录

../X-PLANE 11/Custom Data/GNS430/navdata/ 
[attach]313[/attach]|||
2017-05-08 10:04:50;;;如何更新默认X-Plane 11的导航数据;;;X-Plane 11默认导航数据应该是这个样子
[list]
[*]earth_fix.dat
[*]earth_awy.dat
[*]earth_nav.dat
[*]CIFP/$ICAO.dat
[/list]

将新导航数据放在根目录下面
../X-PLANE 11/Custom Data/

[attach]312[/attach]|||
2017-05-09 13:56:33;;;亲自测试X-Plane 11可以工作的地景：洛杉矶-》圣迭哥;;;

X-Plane 11兼容地景

洛杉矶地景

[url=http://forums.x-plane.org/index.php?/files/file/26246-klax-los-angeles-international/&page=6#comment-214803]http://forums.x-plane.org/index.php?/files/file/26246-klax-los-angeles-international/&page=6#comment-214803[/url]

圣地哥地景

[url=http://forums.x-plane.org/index.php?/files/file/24953-ksan-san-diego-international/&page=9#comment-214292]http://forums.x-plane.org/index.php?/files/file/24953-ksan-san-diego-international/&page=9#comment-214292[/url]

|||
2017-05-10 22:57:09;;;Jet-A航油的重量和价格计算;;;[align=left][attach]315[/attach][/align][align=left]1 gallon = 6.7 lbs. = 3kg[/align]
[align=left]1加仑 约等于 3公斤[/align]
[align=left]JET-A航油美国价格按3美金/加仑计算，[/align]
[align=left]1吨航油=1000/3*3=1000美金=7000人民币[/align]
|||
2017-05-11 22:35:16;;;重大消息：flightfactor将推出专业真实版A320;;;Flightfactor已经放出了预览图，届时会先以beta版放出，所以首批购买的模拟飞行员，会有打折
[attach]316[/attach]

[attach]317[/attach]
|||
2017-05-17 08:54:00;;;发现另外一个X-Plane连飞网站;;;
它也是FSX， X-Plane同时支持的连飞网站。但是它是个德国网站，不知道网速行不行

[url=http://fscloud.net]http://fscloud.net[/url]

并且需要下载特别的连飞插件
|||
